Order_ID,Origin_City,Destination_City,Distance_km,Vehicle_Type,Delivery_Mode,Weather,Expected_Delivery_Days,Actual_Delivery_Days,Warehouse_ID,Warehouse_Region,Warehouse_Capacity,Warehouse_Handles_Fragile,Warehouse_Cold_Storage,Product_Name,Product_Category,Weight_kg,Stock_Quantity,Reorder_Level,In_Stock,Low_Stock_Alert,Packaging_Type,Packaging_Cost_LKR,Fragile,Requires_Cold_Storage,Total_Cost_LKR,Order_Date,Delivery_Status,On_Time
SL00001,Colombo,Kilinochchi,360,Motorbike,Standard,Rainy,3,6,WH001,Western,10000,Yes,Yes,Laptop,Electronics,2.5,397,10,Yes,No,Anti-static box with foam,600,Yes,No,9490.0,2024-03-30,Delayed,0
SL00002,Colombo,Kandy,115,Three Wheeler,Same-Day,Rainy,1,1,WH001,Western,10000,Yes,Yes,Cotton Clothing Bale,Clothing,8.0,328,10,Yes,No,Poly mailer bag,120,No,No,5530.0,2025-07-12,Delivered,1
SL00003,Galle,Kalutara,78,Three Wheeler,Standard,Clear,2,2,WH004,Southern,4500,Yes,No,Cotton Clothing Bale,Clothing,8.0,101,100,Yes,No,Poly mailer bag,120,No,No,2390.0,2024-06-08,Delivered,1
SL00004,Kurunegala,Jaffna,317,Three Wheeler,Same-Day,Stormy,2,2,WH006,North Western,4000,Yes,No,Ceramic Dinnerware Set,Fragile Items,6.0,14,25,Yes,Yes,Bubble wrap and double box,850,Yes,No,13550.0,2025-04-15,Delivered,1
SL00005,Gampaha,Nuwara Eliya,113,Lorry,Same-Day,Foggy,1,1,WH002,Western,6000,Yes,No,Furniture Set,Furniture,80.0,341,50,Yes,No,Corner guards and blankets,700,No,No,11170.0,2024-02-16,Delivered,1
SL00006,Jaffna,Galle,525,Motorbike,Express,Clear,2,2,WH005,Northern,3500,No,No,Medicine Pack,Pharmacy,0.5,252,100,Yes,No,Sealed insulated pack,500,No,Yes,16480.0,2024-12-29,Delivered,1
SL00007,Jaffna,Monaragala,445,Three Wheeler,Same-Day,Foggy,2,2,WH005,Northern,3500,No,No,Ceramic Dinnerware Set,Fragile Items,6.0,293,100,Yes,No,Bubble wrap and double box,850,Yes,No,19260.0,2025-07-24,Delivered,1
SL00008,Kurunegala,Kandy,42,Motorbike,Express,Clear,1,1,WH006,North Western,4000,Yes,No,Medicine Pack,Pharmacy,0.5,225,25,Yes,No,Sealed insulated pack,500,No,Yes,2170.0,2025-08-03,Delivered,1
SL00009,Galle,Chilaw,232,Motorbike,Economy,Stormy,4,4,WH004,Southern,4500,Yes,No,Mobile Phone,Electronics,0.3,349,40,Yes,No,Anti-static box with foam,600,Yes,No,4810.0,2025-07-28,Delivered,1
SL00010,Jaffna,Kilinochchi,70,Lorry,Economy,Foggy,4,4,WH005,Northern,3500,No,No,Furniture Set,Furniture,80.0,132,20,Yes,No,Corner guards and blankets,700,No,No,4610.0,2024-04-22,Delivered,1
SL00011,Kandy,Dambulla,72,Three Wheeler,Economy,Foggy,4,4,WH003,Central,5000,Yes,Yes,Office Chair,Furniture,12.0,7,50,Yes,Yes,Corner guards and blankets,700,No,No,2740.0,2024-01-12,Delivered,1
SL00012,Matara,Kurunegala,224,Motorbike,Standard,Clear,2,2,WH009,Southern,3000,Yes,No,Laptop,Electronics,2.5,100,40,Yes,No,Anti-static box with foam,600,Yes,No,6350.0,2024-09-26,Delivered,1
SL00013,Kandy,Puttalam,156,Motorbike,Same-Day,Cloudy,1,1,WH003,Central,5000,Yes,Yes,Documents Package,Documents,0.5,279,50,Yes,No,Padded envelope,150,No,No,6630.0,2024-06-14,Delivered,1
SL00014,Matara,Colombo,160,Lorry,Standard,Stormy,2,2,WH009,Southern,3000,Yes,No,Furniture Set,Furniture,80.0,0,25,No,Yes,Corner guards and blankets,700,No,No,7130.0,2025-08-03,Delivered,1
SL00015,Gampaha,Kilinochchi,339,Van,Economy,Clear,5,5,WH002,Western,6000,Yes,No,Washing Machine,Appliances,40.0,292,20,Yes,No,Wooden crate,1200,No,No,8800.0,2025-07-16,Delivered,1
SL00016,Jaffna,Puttalam,237,Van,Economy,Rainy,4,4,WH005,Northern,3500,No,No,Dining Table,Furniture,35.0,393,100,Yes,No,Corner guards and blankets,700,No,No,6330.0,2025-02-12,Delivered,1
SL00017,Batticaloa,Puttalam,271,Van,Economy,Clear,4,4,WH008,Eastern,2500,No,No,Air Conditioner,Appliances,45.0,52,25,Yes,No,Wooden crate,1200,No,No,7640.0,2024-08-23,Delivered,1
SL00018,Colombo,Jaffna,400,Motorbike,Same-Day,Rainy,2,2,WH001,Western,10000,Yes,Yes,Medicine Pack,Pharmacy,0.5,1,25,Yes,Yes,Sealed insulated pack,500,No,Yes,17110.0,2024-10-12,Delivered,1
SL00019,Galle,Ampara,278,Three Wheeler,Express,Foggy,1,1,WH004,Southern,4500,Yes,No,Frozen Food Pack,Groceries,15.0,144,40,Yes,No,Insulated box,400,No,Yes,9650.0,2025-03-17,Delivered,1
SL00020,Anuradhapura,Hambantota,332,Van,Economy,Clear,5,5,WH007,North Central,3000,No,No,Air Conditioner,Appliances,45.0,350,10,Yes,No,Wooden crate,1200,No,No,8510.0,2024-12-13,Delivered,1
SL00021,Galle,Batticaloa,323,Motorbike,Express,Foggy,2,2,WH004,Southern,4500,Yes,No,Laptop,Electronics,2.5,236,20,Yes,No,Anti-static box with foam,600,Yes,No,11780.0,2024-03-18,Delivered,1
SL00022,Matara,Jaffna,541,Van,Same-Day,Foggy,2,2,WH009,Southern,3000,Yes,No,Auto Spare Parts,Auto Parts,25.0,67,20,Yes,No,Reinforced carton,450,No,No,24170.0,2025-02-14,Delivered,1
SL00023,Kandy,Vavuniya,211,Three Wheeler,Same-Day,Stormy,1,2,WH003,Central,5000,Yes,Yes,LED Television,Electronics,15.0,252,25,Yes,No,Anti-static box with foam,600,Yes,No,10880.0,2025-07-23,Delivered,0
SL00024,Kandy,Batticaloa,165,Three Wheeler,Standard,Rainy,2,2,WH003,Central,5000,Yes,Yes,Frozen Food Pack,Groceries,15.0,316,100,Yes,No,Insulated box,400,No,Yes,4610.0,2024-11-17,Delivered,1
SL00025,Colombo,Polonnaruwa,225,Three Wheeler,Economy,Foggy,4,5,WH001,Western,10000,Yes,Yes,LED Television,Electronics,15.0,291,20,Yes,No,Anti-static box with foam,600,Yes,No,4970.0,2024-07-09,Delivered,0
SL00026,Negombo,Galle,179,Van,Express,Stormy,1,1,WH010,Western,4000,Yes,Yes,Washing Machine,Appliances,40.0,15,50,Yes,Yes,Wooden crate,1200,No,No,8600.0,2024-03-24,Delivered,1
SL00027,Negombo,Polonnaruwa,196,Three Wheeler,Standard,Cloudy,2,2,WH010,Western,4000,Yes,Yes,Cotton Clothing Bale,Clothing,8.0,386,25,Yes,No,Poly mailer bag,120,No,No,4900.0,2024-05-14,Delivered,1
SL00028,Batticaloa,Badulla,139,Three Wheeler,Same-Day,Clear,1,1,WH008,Eastern,2500,No,No,Books Bundle,Books,10.0,308,10,Yes,No,Corrugated box,200,No,No,6980.0,2025-06-02,Delivered,1
SL00029,Kandy,Nuwara Eliya,75,Three Wheeler,Same-Day,Rainy,1,1,WH003,Central,5000,Yes,Yes,Fresh Vegetables Crate,Groceries,20.0,100,40,Yes,No,Insulated box,400,No,Yes,5370.0,2025-06-25,Delivered,1
SL00030,Matara,Ratnapura,107,Lorry,Same-Day,Rainy,1,1,WH009,Southern,3000,Yes,No,Refrigerator,Appliances,55.0,74,100,Yes,Yes,Wooden crate,1200,No,No,9080.0,2024-10-15,Delivered,1
SL00031,Kurunegala,Trincomalee,199,Three Wheeler,Standard,Foggy,2,5,WH006,North Western,4000,Yes,No,Ceramic Dinnerware Set,Fragile Items,6.0,46,10,Yes,No,Bubble wrap and double box,850,Yes,No,5430.0,2024-12-07,Delayed,0
SL00032,Jaffna,Trincomalee,233,Three Wheeler,Economy,Foggy,4,4,WH005,Northern,3500,No,No,Office Chair,Furniture,12.0,307,10,Yes,No,Corner guards and blankets,700,No,No,5720.0,2024-06-01,Delivered,1
SL00033,Colombo,Nuwara Eliya,180,Lorry,Express,Stormy,1,2,WH001,Western,10000,Yes,Yes,Furniture Set,Furniture,80.0,5,25,Yes,Yes,Corner guards and blankets,700,No,No,10260.0,2024-09-12,Delivered,0
SL00034,Kurunegala,Ampara,191,Motorbike,Economy,Foggy,4,5,WH006,North Western,4000,Yes,No,Laptop,Electronics,2.5,141,20,Yes,No,Anti-static box with foam,600,Yes,No,4030.0,2024-12-06,Delivered,0
SL00035,Galle,Kurunegala,212,Three Wheeler,Express,Clear,1,1,WH004,Southern,4500,Yes,No,Cotton Clothing Bale,Clothing,8.0,39,40,Yes,Yes,Poly mailer bag,120,No,No,7220.0,2025-04-16,Delivered,1
SL00036,Jaffna,Matara,541,Van,Express,Clear,2,2,WH005,Northern,3500,No,No,Air Conditioner,Appliances,45.0,224,25,Yes,No,Wooden crate,1200,No,No,21740.0,2024-10-12,Delivered,1
SL00037,Matara,Vavuniya,404,Van,Standard,Clear,3,3,WH009,Southern,3000,Yes,No,Air Conditioner,Appliances,45.0,5,20,Yes,Yes,Wooden crate,1200,No,No,12860.0,2024-09-28,Delivered,1
SL00038,Gampaha,Kegalle,56,Three Wheeler,Economy,Cloudy,4,4,WH002,Western,6000,Yes,No,LED Television,Electronics,15.0,180,40,Yes,No,Anti-static box with foam,600,Yes,No,2420.0,2024-04-28,Delivered,1
SL00039,Negombo,Batticaloa,276,Motorbike,Standard,Clear,2,2,WH010,Western,4000,Yes,Yes,Glass Vase Set,Fragile Items,4.0,20,50,Yes,Yes,Bubble wrap and double box,850,Yes,No,7630.0,2024-07-20,Delivered,1
SL00040,Anuradhapura,Galle,330,Van,Standard,Foggy,3,3,WH007,North Central,3000,No,No,Air Conditioner,Appliances,45.0,83,100,Yes,Yes,Wooden crate,1200,No,No,10680.0,2024-11-30,Delivered,1
SL00041,Jaffna,Ampara,415,Motorbike,Express,Rainy,2,2,WH005,Northern,3500,No,No,Glass Vase Set,Fragile Items,4.0,214,100,Yes,No,Bubble wrap and double box,850,Yes,No,15190.0,2025-08-05,Failed,0
SL00042,Anuradhapura,Ampara,234,Three Wheeler,Same-Day,Cloudy,1,1,WH007,North Central,3000,No,No,Books Bundle,Books,10.0,240,50,Yes,No,Corrugated box,200,No,No,10970.0,2025-04-21,Delivered,1
SL00043,Batticaloa,Dambulla,151,Van,Express,Foggy,1,2,WH008,Eastern,2500,No,No,Auto Spare Parts,Auto Parts,25.0,396,20,Yes,No,Reinforced carton,450,No,No,6970.0,2024-12-09,Delayed,0
SL00044,Galle,Dambulla,271,Van,Standard,Rainy,2,2,WH004,Southern,4500,Yes,No,Washing Machine,Appliances,40.0,95,10,Yes,No,Wooden crate,1200,No,No,8630.0,2025-05-01,Delivered,1
SL00045,Batticaloa,Hambantota,245,Van,Express,Stormy,1,4,WH008,Eastern,2500,No,No,Washing Machine,Appliances,40.0,144,20,Yes,No,Wooden crate,1200,No,No,11630.0,2024-04-19,Delayed,0
SL00046,Galle,Trincomalee,394,Three Wheeler,Economy,Clear,5,5,WH004,Southern,4500,Yes,No,Cotton Clothing Bale,Clothing,8.0,82,40,Yes,No,Poly mailer bag,120,No,No,7910.0,2025-06-27,Delivered,1
SL00047,Negombo,Badulla,177,Lorry,Economy,Foggy,4,4,WH010,Western,4000,Yes,Yes,Furniture Set,Furniture,80.0,278,40,Yes,No,Corner guards and blankets,700,No,No,6060.0,2025-05-01,Delivered,1
SL00048,Jaffna,Matara,541,Van,Standard,Foggy,3,3,WH005,Northern,3500,No,No,Auto Spare Parts,Auto Parts,25.0,142,25,Yes,No,Reinforced carton,450,No,No,13260.0,2024-10-05,Delivered,1
SL00049,Kurunegala,Ampara,191,Motorbike,Same-Day,Rainy,1,1,WH006,North Western,4000,Yes,No,Mobile Phone,Electronics,0.3,7,100,Yes,Yes,Anti-static box with foam,600,Yes,No,9060.0,2024-03-06,Delivered,1
SL00050,Anuradhapura,Badulla,212,Three Wheeler,Economy,Stormy,4,5,WH007,North Central,3000,No,No,Cotton Clothing Bale,Clothing,8.0,14,40,Yes,Yes,Poly mailer bag,120,No,No,4410.0,2024-01-21,Delivered,0
SL00051,Batticaloa,Colombo,310,Motorbike,Standard,Cloudy,3,3,WH008,Eastern,2500,No,No,Glass Vase Set,Fragile Items,4.0,234,50,Yes,No,Bubble wrap and double box,850,Yes,No,8460.0,2024-08-13,Failed,0
SL00052,Galle,Kurunegala,212,Three Wheeler,Economy,Stormy,4,8,WH004,Southern,4500,Yes,No,Frozen Food Pack,Groceries,15.0,0,25,No,Yes,Insulated box,400,No,Yes,4990.0,2025-04-23,Delayed,0
SL00053,Negombo,Ampara,264,Three Wheeler,Same-Day,Stormy,1,2,WH010,Western,4000,Yes,Yes,Office Chair,Furniture,12.0,359,10,Yes,No,Corner guards and blankets,700,No,No,11940.0,2025-04-17,Delivered,0
SL00054,Colombo,Kurunegala,95,Van,Economy,Cloudy,4,4,WH001,Western,10000,Yes,Yes,Dining Table,Furniture,35.0,187,25,Yes,No,Corner guards and blankets,700,No,No,3820.0,2024-10-11,Failed,0
SL00055,Jaffna,Galle,525,Three Wheeler,Economy,Clear,5,5,WH005,Northern,3500,No,No,Cotton Clothing Bale,Clothing,8.0,46,25,Yes,No,Poly mailer bag,120,No,No,10130.0,2024-02-11,Delivered,1
SL00056,Galle,Batticaloa,323,Lorry,Same-Day,Foggy,2,3,WH004,Southern,4500,Yes,No,Refrigerator,Appliances,55.0,3,40,Yes,Yes,Wooden crate,1200,No,No,17470.0,2024-09-19,Delayed,0
SL00057,Kandy,Kegalle,40,Van,Same-Day,Rainy,1,1,WH003,Central,5000,Yes,Yes,Air Conditioner,Appliances,45.0,75,50,Yes,No,Wooden crate,1200,No,No,6590.0,2025-08-12,Delivered,1
SL00058,Anuradhapura,Monaragala,248,Motorbike,Express,Clear,1,1,WH007,North Central,3000,No,No,Glass Vase Set,Fragile Items,4.0,341,20,Yes,No,Bubble wrap and double box,850,Yes,No,9450.0,2024-11-04,Delivered,1
SL00059,Negombo,Kandy,113,Motorbike,Standard,Foggy,2,3,WH010,Western,4000,Yes,Yes,Laptop,Electronics,2.5,209,10,Yes,No,Anti-static box with foam,600,Yes,No,3270.0,2025-03-06,Delivered,0
SL00060,Gampaha,Vavuniya,250,Three Wheeler,Standard,Stormy,2,6,WH002,Western,6000,Yes,No,Frozen Food Pack,Groceries,15.0,242,20,Yes,No,Insulated box,400,No,Yes,6580.0,2025-07-05,Delayed,0
SL00061,Batticaloa,Hambantota,245,Three Wheeler,Standard,Cloudy,2,2,WH008,Eastern,2500,No,No,Frozen Food Pack,Groceries,15.0,64,25,Yes,No,Insulated box,400,No,Yes,6440.0,2025-04-20,Delivered,1
SL00062,Kurunegala,Colombo,95,Motorbike,Economy,Cloudy,4,4,WH006,North Western,4000,Yes,No,Glass Vase Set,Fragile Items,4.0,4,25,Yes,Yes,Bubble wrap and double box,850,Yes,No,2840.0,2024-10-09,Delivered,1
SL00063,Colombo,Puttalam,130,Lorry,Express,Clear,1,1,WH001,Western,10000,Yes,Yes,Furniture Set,Furniture,80.0,228,40,Yes,No,Corner guards and blankets,700,No,No,9460.0,2025-05-02,Delivered,1
SL00064,Batticaloa,Colombo,310,Three Wheeler,Same-Day,Cloudy,2,2,WH008,Eastern,2500,No,No,Frozen Food Pack,Groceries,15.0,374,20,Yes,No,Insulated box,400,No,Yes,14630.0,2025-01-12,Delivered,1
SL00065,Matara,Puttalam,317,Three Wheeler,Standard,Stormy,3,4,WH009,Southern,3000,Yes,No,Frozen Food Pack,Groceries,15.0,301,25,Yes,No,Insulated box,400,No,Yes,8020.0,2024-09-14,Delivered,0
SL00066,Gampaha,Kilinochchi,339,Motorbike,Express,Cloudy,2,2,WH002,Western,6000,Yes,No,Medicine Pack,Pharmacy,0.5,9,100,Yes,Yes,Sealed insulated pack,500,No,Yes,11010.0,2025-05-10,Delivered,1
SL00067,Negombo,Puttalam,95,Three Wheeler,Standard,Clear,2,2,WH010,Western,4000,Yes,Yes,Fresh Vegetables Crate,Groceries,20.0,171,20,Yes,No,Insulated box,400,No,Yes,3370.0,2024-01-15,Delivered,1
SL00068,Kandy,Kurunegala,42,Lorry,Same-Day,Clear,1,3,WH003,Central,5000,Yes,Yes,Furniture Set,Furniture,80.0,377,20,Yes,No,Corner guards and blankets,700,No,No,7580.0,2024-01-13,Delayed,0
SL00069,Batticaloa,Gampaha,261,Three Wheeler,Economy,Cloudy,4,4,WH008,Eastern,2500,No,No,Books Bundle,Books,10.0,1,25,Yes,Yes,Corrugated box,200,No,No,5080.0,2024-03-07,Delivered,1
SL00070,Batticaloa,Galle,323,Motorbike,Same-Day,Rainy,2,2,WH008,Eastern,2500,No,No,Glass Vase Set,Fragile Items,4.0,10,25,Yes,Yes,Bubble wrap and double box,850,Yes,No,15580.0,2024-05-01,Delivered,1
SL00071,Anuradhapura,Kegalle,153,Lorry,Express,Foggy,1,2,WH007,North Central,3000,No,No,Furniture Set,Furniture,80.0,246,25,Yes,No,Corner guards and blankets,700,No,No,9580.0,2024-03-02,Delivered,0
SL00072,Galle,Chilaw,232,Motorbike,Express,Cloudy,1,1,WH004,Southern,4500,Yes,No,Laptop,Electronics,2.5,100,20,Yes,No,Anti-static box with foam,600,Yes,No,8430.0,2024-06-09,Delivered,1
SL00073,Anuradhapura,Kalutara,257,Lorry,Economy,Cloudy,4,6,WH007,North Central,3000,No,No,Refrigerator,Appliances,55.0,0,25,No,Yes,Wooden crate,1200,No,No,7790.0,2025-04-09,Delayed,0
SL00074,Galle,Kurunegala,212,Van,Express,Stormy,1,2,WH004,Southern,4500,Yes,No,Washing Machine,Appliances,40.0,4,100,Yes,Yes,Wooden crate,1200,No,No,10670.0,2024-03-14,Delivered,0
SL00075,Kandy,Ratnapura,94,Three Wheeler,Standard,Stormy,2,5,WH003,Central,5000,Yes,Yes,LED Television,Electronics,15.0,12,25,Yes,Yes,Anti-static box with foam,600,Yes,No,3530.0,2025-05-20,Delayed,0
SL00076,Gampaha,Kegalle,56,Van,Same-Day,Stormy,1,1,WH002,Western,6000,Yes,No,Auto Spare Parts,Auto Parts,25.0,329,25,Yes,No,Reinforced carton,450,No,No,5140.0,2025-08-12,Delivered,1
SL00077,Jaffna,Polonnaruwa,285,Lorry,Same-Day,Rainy,1,1,WH005,Northern,3500,No,No,Refrigerator,Appliances,55.0,353,40,Yes,No,Wooden crate,1200,No,No,15920.0,2025-08-22,Delivered,1
SL00078,Batticaloa,Galle,323,Three Wheeler,Economy,Cloudy,5,5,WH008,Eastern,2500,No,No,Cotton Clothing Bale,Clothing,8.0,184,100,Yes,No,Poly mailer bag,120,No,No,6650.0,2024-12-03,Delivered,1
SL00079,Batticaloa,Ratnapura,239,Three Wheeler,Economy,Foggy,4,4,WH008,Eastern,2500,No,No,Cotton Clothing Bale,Clothing,8.0,0,10,No,Yes,Poly mailer bag,120,No,No,4580.0,2025-02-17,Delivered,1
SL00080,Colombo,Dambulla,148,Motorbike,Economy,Stormy,4,5,WH001,Western,10000,Yes,Yes,Documents Package,Documents,0.5,0,50,No,Yes,Padded envelope,150,No,No,3040.0,2025-03-28,Delivered,0
SL00081,Galle,Kurunegala,212,Three Wheeler,Express,Cloudy,1,1,WH004,Southern,4500,Yes,No,LED Television,Electronics,15.0,377,40,Yes,No,Anti-static box with foam,600,Yes,No,7820.0,2024-09-02,Delivered,1
SL00082,Jaffna,Ampara,415,Van,Same-Day,Foggy,2,3,WH005,Northern,3500,No,No,Dining Table,Furniture,35.0,135,10,Yes,No,Corner guards and blankets,700,No,No,20490.0,2024-06-06,Delivered,0
SL00083,Jaffna,Puttalam,237,Three Wheeler,Standard,Stormy,2,2,WH005,Northern,3500,No,No,Frozen Food Pack,Groceries,15.0,261,20,Yes,No,Insulated box,400,No,Yes,6400.0,2025-06-04,Delivered,1
SL00084,Gampaha,Matara,182,Three Wheeler,Economy,Cloudy,4,4,WH002,Western,6000,Yes,No,Office Chair,Furniture,12.0,279,25,Yes,No,Corner guards and blankets,700,No,No,4390.0,2024-11-01,Delivered,1
SL00085,Kandy,Kalutara,140,Three Wheeler,Economy,Cloudy,4,4,WH003,Central,5000,Yes,Yes,Frozen Food Pack,Groceries,15.0,298,40,Yes,No,Insulated box,400,No,Yes,3770.0,2024-07-12,Delivered,1
SL00086,Negombo,Vavuniya,241,Motorbike,Express,Stormy,1,2,WH010,Western,4000,Yes,Yes,Medicine Pack,Pharmacy,0.5,0,100,No,Yes,Sealed insulated pack,500,No,Yes,8820.0,2025-01-30,Delivered,0
SL00087,Batticaloa,Kandy,165,Three Wheeler,Express,Foggy,1,1,WH008,Eastern,2500,No,No,Office Chair,Furniture,12.0,189,10,Yes,No,Corner guards and blankets,700,No,No,7250.0,2024-01-16,Delivered,1
SL00088,Anuradhapura,Chilaw,136,Three Wheeler,Express,Clear,1,4,WH007,North Central,3000,No,No,Office Chair,Furniture,12.0,155,25,Yes,No,Corner guards and blankets,700,No,No,5870.0,2024-03-23,Delayed,0
SL00089,Matara,Vavuniya,404,Motorbike,Standard,Stormy,3,3,WH009,Southern,3000,Yes,No,Mobile Phone,Electronics,0.3,38,50,Yes,Yes,Anti-static box with foam,600,Yes,No,10150.0,2024-10-21,Delivered,1
SL00090,Gampaha,Vavuniya,250,Motorbike,Same-Day,Clear,1,1,WH002,Western,6000,Yes,No,Medicine Pack,Pharmacy,0.5,375,25,Yes,No,Sealed insulated pack,500,No,Yes,10380.0,2024-02-27,Delivered,1
SL00091,Kurunegala,Nuwara Eliya,95,Three Wheeler,Economy,Rainy,4,5,WH006,North Western,4000,Yes,No,Books Bundle,Books,10.0,230,50,Yes,No,Corrugated box,200,No,No,2310.0,2024-03-21,Delayed,0
SL00092,Negombo,Dambulla,149,Motorbike,Express,Stormy,1,2,WH010,Western,4000,Yes,Yes,Glass Vase Set,Fragile Items,4.0,93,20,Yes,No,Bubble wrap and double box,850,Yes,No,6080.0,2024-01-10,Delivered,0
SL00093,Jaffna,Dambulla,275,Van,Express,Clear,1,1,WH005,Northern,3500,No,No,Auto Spare Parts,Auto Parts,25.0,196,50,Yes,No,Reinforced carton,450,No,No,10880.0,2025-03-10,Delivered,1
SL00094,Batticaloa,Ratnapura,239,Three Wheeler,Express,Stormy,1,1,WH008,Eastern,2500,No,No,Fresh Vegetables Crate,Groceries,20.0,74,20,Yes,No,Insulated box,400,No,Yes,9350.0,2024-10-29,Delivered,1
SL00095,Anuradhapura,Kurunegala,110,Lorry,Same-Day,Foggy,1,1,WH007,North Central,3000,No,No,Refrigerator,Appliances,55.0,45,50,Yes,Yes,Wooden crate,1200,No,No,10200.0,2024-10-20,Failed,0
SL00096,Negombo,Nuwara Eliya,137,Motorbike,Express,Rainy,1,1,WH010,Western,4000,Yes,Yes,Medicine Pack,Pharmacy,0.5,367,100,Yes,No,Sealed insulated pack,500,No,Yes,5330.0,2024-05-20,Failed,0
SL00097,Colombo,Ratnapura,100,Motorbike,Economy,Clear,4,4,WH001,Western,10000,Yes,Yes,Laptop,Electronics,2.5,394,20,Yes,No,Anti-static box with foam,600,Yes,No,2850.0,2024-11-30,Delivered,1
SL00098,Kandy,Batticaloa,165,Three Wheeler,Express,Foggy,1,2,WH003,Central,5000,Yes,Yes,Cotton Clothing Bale,Clothing,8.0,207,50,Yes,No,Poly mailer bag,120,No,No,6350.0,2024-09-20,Delivered,0
SL00099,Jaffna,Kilinochchi,70,Three Wheeler,Standard,Clear,2,2,WH005,Northern,3500,No,No,Frozen Food Pack,Groceries,15.0,58,20,Yes,No,Insulated box,400,No,Yes,2970.0,2025-02-10,Failed,0
SL00100,Kurunegala,Galle,212,Lorry,Economy,Clear,4,4,WH006,North Western,4000,Yes,No,Furniture Set,Furniture,80.0,83,40,Yes,No,Corner guards and blankets,700,No,No,7150.0,2024-09-25,Delivered,1
SL00101,Kurunegala,Jaffna,317,Motorbike,Express,Stormy,2,3,WH006,North Western,4000,Yes,No,Glass Vase Set,Fragile Items,4.0,0,50,No,Yes,Bubble wrap and double box,850,Yes,No,10900.0,2024-03-05,Delivered,0
SL00102,Jaffna,Chilaw,302,Van,Economy,Clear,5,5,WH005,Northern,3500,No,No,Auto Spare Parts,Auto Parts,25.0,1,25,Yes,Yes,Reinforced carton,450,No,No,6410.0,2024-08-28,Delivered,1
SL00103,Kandy,Vavuniya,211,Lorry,Economy,Cloudy,4,4,WH003,Central,5000,Yes,Yes,Furniture Set,Furniture,80.0,400,100,Yes,No,Corner guards and blankets,700,No,No,6880.0,2024-06-07,Delivered,1
SL00104,Gampaha,Kalutara,73,Three Wheeler,Economy,Cloudy,4,4,WH002,Western,6000,Yes,No,Cotton Clothing Bale,Clothing,8.0,0,25,No,Yes,Poly mailer bag,120,No,No,1870.0,2024-08-29,Delivered,1
SL00105,Gampaha,Dambulla,146,Van,Standard,Foggy,2,2,WH002,Western,6000,Yes,No,Air Conditioner,Appliances,45.0,350,25,Yes,No,Wooden crate,1200,No,No,6080.0,2024-05-05,Delivered,1
SL00106,Gampaha,Dambulla,146,Van,Express,Foggy,1,2,WH002,Western,6000,Yes,No,Auto Spare Parts,Auto Parts,25.0,45,25,Yes,No,Reinforced carton,450,No,No,6920.0,2024-07-29,Delivered,0
SL00107,Matara,Trincomalee,391,Van,Express,Rainy,2,2,WH009,Southern,3000,Yes,No,Washing Machine,Appliances,40.0,95,50,Yes,No,Wooden crate,1200,No,No,15290.0,2024-05-28,Delivered,1
SL00108,Matara,Kurunegala,224,Three Wheeler,Express,Clear,1,1,WH009,Southern,3000,Yes,No,Office Chair,Furniture,12.0,33,20,Yes,No,Corner guards and blankets,700,No,No,8520.0,2024-08-31,Delivered,1
SL00109,Colombo,Trincomalee,260,Motorbike,Standard,Clear,2,2,WH001,Western,10000,Yes,Yes,Mobile Phone,Electronics,0.3,7,50,Yes,Yes,Anti-static box with foam,600,Yes,No,6920.0,2025-05-02,Delivered,1
SL00110,Kurunegala,Puttalam,108,Van,Same-Day,Stormy,1,4,WH006,North Western,4000,Yes,No,Auto Spare Parts,Auto Parts,25.0,334,10,Yes,No,Reinforced carton,450,No,No,6870.0,2024-02-01,Delayed,0
SL00111,Batticaloa,Vavuniya,227,Three Wheeler,Economy,Clear,4,4,WH008,Eastern,2500,No,No,LED Television,Electronics,15.0,247,10,Yes,No,Anti-static box with foam,600,Yes,No,5180.0,2024-05-31,Delivered,1
SL00112,Kandy,Kurunegala,42,Van,Standard,Stormy,2,2,WH003,Central,5000,Yes,Yes,Washing Machine,Appliances,40.0,291,25,Yes,No,Wooden crate,1200,No,No,3820.0,2024-04-27,Delivered,1
SL00113,Galle,Hambantota,120,Lorry,Economy,Rainy,4,4,WH004,Southern,4500,Yes,No,Furniture Set,Furniture,80.0,252,40,Yes,No,Corner guards and blankets,700,No,No,5520.0,2024-11-16,Delivered,1
SL00114,Kurunegala,Dambulla,67,Three Wheeler,Standard,Cloudy,2,2,WH006,North Western,4000,Yes,No,Cotton Clothing Bale,Clothing,8.0,371,40,Yes,No,Poly mailer bag,120,No,No,2070.0,2024-03-28,Delivered,1
SL00115,Anuradhapura,Jaffna,195,Van,Standard,Rainy,2,2,WH007,North Central,3000,No,No,Washing Machine,Appliances,40.0,320,50,Yes,No,Wooden crate,1200,No,No,7090.0,2024-05-05,Delivered,1
SL00116,Kurunegala,Dambulla,67,Three Wheeler,Economy,Clear,4,4,WH006,North Western,4000,Yes,No,Cotton Clothing Bale,Clothing,8.0,327,25,Yes,No,Poly mailer bag,120,No,No,1680.0,2025-06-03,Delivered,1
SL00117,Kandy,Dambulla,72,Three Wheeler,Economy,Rainy,4,4,WH003,Central,5000,Yes,Yes,Ceramic Dinnerware Set,Fragile Items,6.0,199,50,Yes,No,Bubble wrap and double box,850,Yes,No,2410.0,2024-10-12,Delivered,1
SL00118,Anuradhapura,Ampara,234,Motorbike,Same-Day,Foggy,1,1,WH007,North Central,3000,No,No,Medicine Pack,Pharmacy,0.5,375,25,Yes,No,Sealed insulated pack,500,No,Yes,10730.0,2024-11-12,Delivered,1
SL00119,Kurunegala,Colombo,95,Motorbike,Express,Rainy,1,1,WH006,North Western,4000,Yes,No,Mobile Phone,Electronics,0.3,225,10,Yes,No,Anti-static box with foam,600,Yes,No,4130.0,2024-02-01,Delivered,1
SL00120,Matara,Trincomalee,391,Van,Economy,Stormy,5,6,WH009,Southern,3000,Yes,No,Washing Machine,Appliances,40.0,100,25,Yes,No,Wooden crate,1200,No,No,9900.0,2025-08-04,Delivered,0
SL00121,Colombo,Anuradhapura,205,Van,Express,Foggy,1,1,WH001,Western,10000,Yes,Yes,Washing Machine,Appliances,40.0,0,10,No,Yes,Wooden crate,1200,No,No,9890.0,2025-03-28,Delivered,1
SL00122,Jaffna,Batticaloa,369,Three Wheeler,Same-Day,Cloudy,2,5,WH005,Northern,3500,No,No,Cotton Clothing Bale,Clothing,8.0,165,100,Yes,No,Poly mailer bag,120,No,No,15900.0,2024-11-11,Delayed,0
SL00123,Galle,Vavuniya,395,Three Wheeler,Same-Day,Clear,2,2,WH004,Southern,4500,Yes,No,LED Television,Electronics,15.0,128,20,Yes,No,Anti-static box with foam,600,Yes,No,17300.0,2024-12-01,Failed,0
SL00124,Colombo,Gampaha,33,Motorbike,Economy,Rainy,4,4,WH001,Western,10000,Yes,Yes,Laptop,Electronics,2.5,9,100,Yes,Yes,Anti-static box with foam,600,Yes,No,1510.0,2024-12-28,Delivered,1
SL00125,Anuradhapura,Kilinochchi,157,Van,Same-Day,Stormy,1,1,WH007,North Central,3000,No,No,Washing Machine,Appliances,40.0,0,10,No,Yes,Wooden crate,1200,No,No,10690.0,2025-03-03,Delivered,1
SL00126,Gampaha,Nuwara Eliya,113,Three Wheeler,Same-Day,Cloudy,1,3,WH002,Western,6000,Yes,No,Books Bundle,Books,10.0,10,40,Yes,Yes,Corrugated box,200,No,No,5570.0,2024-04-18,Delayed,0
SL00127,Anuradhapura,Polonnaruwa,100,Motorbike,Economy,Foggy,4,4,WH007,North Central,3000,No,No,Medicine Pack,Pharmacy,0.5,14,25,Yes,Yes,Sealed insulated pack,500,No,Yes,2480.0,2024-06-21,Failed,0
SL00128,Matara,Chilaw,258,Van,Same-Day,Foggy,1,5,WH009,Southern,3000,Yes,No,Washing Machine,Appliances,40.0,198,25,Yes,No,Wooden crate,1200,No,No,14090.0,2024-05-29,Delayed,0
SL00129,Galle,Trincomalee,394,Three Wheeler,Express,Clear,2,2,WH004,Southern,4500,Yes,No,Fresh Vegetables Crate,Groceries,20.0,13,100,Yes,Yes,Insulated box,400,No,Yes,14000.0,2025-07-31,Delivered,1
SL00130,Negombo,Chilaw,45,Van,Standard,Cloudy,2,2,WH010,Western,4000,Yes,Yes,Auto Spare Parts,Auto Parts,25.0,2,40,Yes,Yes,Reinforced carton,450,No,No,2690.0,2024-10-08,Delivered,1
SL00131,Kurunegala,Puttalam,108,Three Wheeler,Same-Day,Cloudy,1,1,WH006,North Western,4000,Yes,No,LED Television,Electronics,15.0,39,10,Yes,No,Anti-static box with foam,600,Yes,No,6720.0,2024-03-19,Delivered,1
SL00132,Negombo,Kegalle,73,Van,Economy,Stormy,4,5,WH010,Western,4000,Yes,Yes,Washing Machine,Appliances,40.0,398,10,Yes,No,Wooden crate,1200,No,No,3920.0,2024-07-11,Delivered,0
SL00133,Negombo,Gampaha,27,Motorbike,Express,Clear,1,1,WH010,Western,4000,Yes,Yes,Mobile Phone,Electronics,0.3,195,100,Yes,No,Anti-static box with foam,600,Yes,No,1890.0,2024-06-25,Delivered,1
SL00134,Galle,Monaragala,202,Three Wheeler,Economy,Stormy,4,4,WH004,Southern,4500,Yes,No,LED Television,Electronics,15.0,332,20,Yes,No,Anti-static box with foam,600,Yes,No,4720.0,2025-02-22,Delivered,1
SL00135,Negombo,Kandy,113,Motorbike,Standard,Clear,2,2,WH010,Western,4000,Yes,Yes,Mobile Phone,Electronics,0.3,305,100,Yes,No,Anti-static box with foam,600,Yes,No,3330.0,2024-06-02,Delivered,1
SL00136,Gampaha,Polonnaruwa,189,Motorbike,Express,Cloudy,1,3,WH002,Western,6000,Yes,No,Mobile Phone,Electronics,0.3,355,100,Yes,No,Anti-static box with foam,600,Yes,No,6570.0,2024-03-27,Delayed,0
SL00137,Matara,Vavuniya,404,Three Wheeler,Standard,Rainy,3,3,WH009,Southern,3000,Yes,No,Books Bundle,Books,10.0,398,100,Yes,No,Corrugated box,200,No,No,9280.0,2025-03-09,Delivered,1
SL00138,Kurunegala,Colombo,95,Motorbike,Standard,Cloudy,2,2,WH006,North Western,4000,Yes,No,Documents Package,Documents,0.5,4,25,Yes,Yes,Padded envelope,150,No,No,2580.0,2024-08-19,Failed,0
SL00139,Kandy,Jaffna,335,Three Wheeler,Standard,Clear,3,3,WH003,Central,5000,Yes,Yes,Office Chair,Furniture,12.0,296,100,Yes,No,Corner guards and blankets,700,No,No,8310.0,2024-12-10,Delivered,1
SL00140,Negombo,Vavuniya,241,Three Wheeler,Express,Rainy,1,1,WH010,Western,4000,Yes,Yes,Office Chair,Furniture,12.0,12,50,Yes,Yes,Corner guards and blankets,700,No,No,9500.0,2024-02-14,Delivered,1
SL00141,Kurunegala,Dambulla,67,Three Wheeler,Express,Stormy,1,1,WH006,North Western,4000,Yes,No,Cotton Clothing Bale,Clothing,8.0,249,20,Yes,No,Poly mailer bag,120,No,No,3220.0,2025-04-25,Delivered,1
SL00142,Kurunegala,Dambulla,67,Three Wheeler,Economy,Stormy,4,4,WH006,North Western,4000,Yes,No,Ceramic Dinnerware Set,Fragile Items,6.0,215,50,Yes,No,Bubble wrap and double box,850,Yes,No,2350.0,2024-07-23,Delivered,1
SL00143,Jaffna,Kandy,335,Three Wheeler,Economy,Cloudy,5,5,WH005,Northern,3500,No,No,Office Chair,Furniture,12.0,72,100,Yes,Yes,Corner guards and blankets,700,No,No,7600.0,2024-10-18,Delivered,1
SL00144,Kandy,Kurunegala,42,Van,Economy,Foggy,4,5,WH003,Central,5000,Yes,Yes,Washing Machine,Appliances,40.0,7,10,Yes,Yes,Wooden crate,1200,No,No,3510.0,2024-01-28,Delivered,0
SL00145,Colombo,Vavuniya,255,Three Wheeler,Standard,Rainy,2,2,WH001,Western,10000,Yes,Yes,Cotton Clothing Bale,Clothing,8.0,61,25,Yes,No,Poly mailer bag,120,No,No,5960.0,2024-04-11,Delivered,1
SL00146,Kandy,Anuradhapura,140,Motorbike,Same-Day,Cloudy,1,1,WH003,Central,5000,Yes,Yes,Mobile Phone,Electronics,0.3,261,100,Yes,No,Anti-static box with foam,600,Yes,No,7010.0,2025-04-25,Delivered,1
SL00147,Negombo,Colombo,38,Van,Same-Day,Clear,1,4,WH010,Western,4000,Yes,Yes,Auto Spare Parts,Auto Parts,25.0,96,50,Yes,No,Reinforced carton,450,No,No,4130.0,2024-04-23,Delayed,0
SL00148,Galle,Ratnapura,97,Three Wheeler,Same-Day,Clear,1,1,WH004,Southern,4500,Yes,No,Books Bundle,Books,10.0,347,50,Yes,No,Corrugated box,200,No,No,4940.0,2025-05-26,Delivered,1
SL00149,Colombo,Chilaw,80,Lorry,Express,Rainy,1,1,WH001,Western,10000,Yes,Yes,Furniture Set,Furniture,80.0,20,50,Yes,Yes,Corner guards and blankets,700,No,No,7310.0,2025-03-02,Delivered,1
SL00150,Gampaha,Puttalam,137,Van,Standard,Clear,2,2,WH002,Western,6000,Yes,No,Dining Table,Furniture,35.0,298,50,Yes,No,Corner guards and blankets,700,No,No,5330.0,2025-02-03,Delivered,1
SL00151,Colombo,Chilaw,80,Three Wheeler,Economy,Cloudy,4,4,WH001,Western,10000,Yes,Yes,Frozen Food Pack,Groceries,15.0,28,25,Yes,No,Insulated box,400,No,Yes,2440.0,2024-04-16,Delivered,1
SL00152,Kandy,Galle,225,Motorbike,Standard,Foggy,2,3,WH003,Central,5000,Yes,Yes,Mobile Phone,Electronics,0.3,349,20,Yes,No,Anti-static box with foam,600,Yes,No,6310.0,2025-05-05,Failed,0
SL00153,Kandy,Jaffna,335,Van,Economy,Clear,5,5,WH003,Central,5000,Yes,Yes,Dining Table,Furniture,35.0,42,20,Yes,No,Corner guards and blankets,700,No,No,7690.0,2024-11-13,Delivered,1
SL00154,Anuradhapura,Ampara,234,Motorbike,Economy,Cloudy,4,4,WH007,North Central,3000,No,No,Documents Package,Documents,0.5,0,100,No,Yes,Padded envelope,150,No,No,4430.0,2024-02-18,Delivered,1
SL00155,Jaffna,Negombo,355,Motorbike,Standard,Stormy,3,3,WH005,Northern,3500,No,No,Mobile Phone,Electronics,0.3,400,40,Yes,No,Anti-static box with foam,600,Yes,No,8430.0,2025-05-24,Delivered,1
SL00156,Matara,Kurunegala,224,Van,Same-Day,Stormy,1,1,WH009,Southern,3000,Yes,No,Air Conditioner,Appliances,45.0,10,20,Yes,Yes,Wooden crate,1200,No,No,12830.0,2024-12-01,Delivered,1
SL00157,Jaffna,Kalutara,445,Three Wheeler,Economy,Rainy,5,5,WH005,Northern,3500,No,No,Books Bundle,Books,10.0,199,40,Yes,No,Corrugated box,200,No,No,8910.0,2024-12-27,Delivered,1
SL00158,Jaffna,Chilaw,302,Three Wheeler,Same-Day,Clear,2,2,WH005,Northern,3500,No,No,Cotton Clothing Bale,Clothing,8.0,227,25,Yes,No,Poly mailer bag,120,No,No,13810.0,2024-06-12,Delivered,1
SL00159,Kandy,Kegalle,40,Lorry,Economy,Clear,4,4,WH003,Central,5000,Yes,Yes,Refrigerator,Appliances,55.0,4,100,Yes,Yes,Wooden crate,1200,No,No,3650.0,2025-08-03,Delivered,1
SL00160,Negombo,Anuradhapura,178,Three Wheeler,Economy,Cloudy,4,4,WH010,Western,4000,Yes,Yes,LED Television,Electronics,15.0,59,50,Yes,No,Anti-static box with foam,600,Yes,No,4450.0,2025-02-11,Delivered,1
SL00161,Jaffna,Matara,541,Motorbike,Same-Day,Clear,2,2,WH005,Northern,3500,No,No,Mobile Phone,Electronics,0.3,275,50,Yes,No,Anti-static box with foam,600,Yes,No,24120.0,2024-04-30,Delivered,1
SL00162,Jaffna,Monaragala,445,Three Wheeler,Economy,Rainy,5,5,WH005,Northern,3500,No,No,Fresh Vegetables Crate,Groceries,20.0,166,100,Yes,No,Insulated box,400,No,Yes,8740.0,2024-05-18,Delivered,1
SL00163,Batticaloa,Anuradhapura,204,Van,Economy,Clear,4,4,WH008,Eastern,2500,No,No,Washing Machine,Appliances,40.0,183,100,Yes,No,Wooden crate,1200,No,No,6390.0,2025-07-17,Delivered,1
SL00164,Jaffna,Ratnapura,434,Lorry,Express,Rainy,2,2,WH005,Northern,3500,No,No,Furniture Set,Furniture,80.0,280,20,Yes,No,Corner guards and blankets,700,No,No,19840.0,2024-05-22,Delivered,1
SL00165,Batticaloa,Colombo,310,Motorbike,Standard,Foggy,3,4,WH008,Eastern,2500,No,No,Medicine Pack,Pharmacy,0.5,259,50,Yes,No,Sealed insulated pack,500,No,Yes,7270.0,2024-11-12,Delivered,0
SL00166,Batticaloa,Puttalam,271,Motorbike,Economy,Stormy,4,5,WH008,Eastern,2500,No,No,Glass Vase Set,Fragile Items,4.0,57,20,Yes,No,Bubble wrap and double box,850,Yes,No,5990.0,2025-06-13,Delivered,0
SL00167,Kandy,Ampara,150,Van,Express,Rainy,1,1,WH003,Central,5000,Yes,Yes,Air Conditioner,Appliances,45.0,48,10,Yes,No,Wooden crate,1200,No,No,8120.0,2024-06-17,Delivered,1
SL00168,Kurunegala,Monaragala,167,Van,Express,Cloudy,1,1,WH006,North Western,4000,Yes,No,Dining Table,Furniture,35.0,285,25,Yes,No,Corner guards and blankets,700,No,No,7780.0,2025-07-18,Delivered,1
SL00169,Kandy,Chilaw,126,Three Wheeler,Standard,Foggy,2,2,WH003,Central,5000,Yes,Yes,Fresh Vegetables Crate,Groceries,20.0,277,100,Yes,No,Insulated box,400,No,Yes,4260.0,2024-06-24,Delivered,1
SL00170,Negombo,Kandy,113,Motorbike,Same-Day,Clear,1,1,WH010,Western,4000,Yes,Yes,Mobile Phone,Electronics,0.3,0,100,No,Yes,Anti-static box with foam,600,Yes,No,5750.0,2024-08-03,Failed,0
SL00171,Negombo,Chilaw,45,Three Wheeler,Same-Day,Stormy,1,3,WH010,Western,4000,Yes,Yes,Cotton Clothing Bale,Clothing,8.0,299,25,Yes,No,Poly mailer bag,120,No,No,3100.0,2025-02-19,Delayed,0
SL00172,Batticaloa,Galle,323,Three Wheeler,Same-Day,Rainy,2,2,WH008,Eastern,2500,No,No,Books Bundle,Books,10.0,267,40,Yes,No,Corrugated box,200,No,No,13990.0,2024-05-27,Delivered,1
SL00173,Kurunegala,Kilinochchi,276,Motorbike,Standard,Stormy,2,2,WH006,North Western,4000,Yes,No,Mobile Phone,Electronics,0.3,6,50,Yes,Yes,Anti-static box with foam,600,Yes,No,6800.0,2024-05-05,Delivered,1
SL00174,Batticaloa,Matara,305,Three Wheeler,Express,Clear,2,4,WH008,Eastern,2500,No,No,Fresh Vegetables Crate,Groceries,20.0,0,40,No,Yes,Insulated box,400,No,Yes,10910.0,2024-06-12,Delayed,0
SL00175,Negombo,Kilinochchi,326,Motorbike,Standard,Rainy,3,3,WH010,Western,4000,Yes,Yes,Mobile Phone,Electronics,0.3,275,50,Yes,No,Anti-static box with foam,600,Yes,No,8160.0,2024-11-11,Delivered,1
SL00176,Colombo,Jaffna,400,Three Wheeler,Economy,Foggy,5,5,WH001,Western,10000,Yes,Yes,Frozen Food Pack,Groceries,15.0,143,20,Yes,No,Insulated box,400,No,Yes,7670.0,2025-05-21,Delivered,1
SL00177,Jaffna,Ampara,415,Three Wheeler,Same-Day,Clear,2,2,WH005,Northern,3500,No,No,Frozen Food Pack,Groceries,15.0,155,100,Yes,No,Insulated box,400,No,Yes,19180.0,2025-01-09,Delivered,1
SL00178,Anuradhapura,Kandy,140,Three Wheeler,Express,Cloudy,1,1,WH007,North Central,3000,No,No,LED Television,Electronics,15.0,57,40,Yes,No,Anti-static box with foam,600,Yes,No,6090.0,2025-07-17,Delivered,1
SL00179,Negombo,Dambulla,149,Three Wheeler,Same-Day,Rainy,1,1,WH010,Western,4000,Yes,Yes,Fresh Vegetables Crate,Groceries,20.0,221,25,Yes,No,Insulated box,400,No,Yes,8250.0,2025-01-09,Delivered,1
SL00180,Galle,Kegalle,177,Three Wheeler,Economy,Foggy,4,5,WH004,Southern,4500,Yes,No,Office Chair,Furniture,12.0,0,10,No,Yes,Corner guards and blankets,700,No,No,4620.0,2025-06-15,Delivered,0
SL00181,Kandy,Kegalle,40,Van,Express,Cloudy,1,1,WH003,Central,5000,Yes,Yes,Auto Spare Parts,Auto Parts,25.0,183,20,Yes,No,Reinforced carton,450,No,No,3590.0,2024-11-02,Delivered,1
SL00182,Matara,Puttalam,317,Motorbike,Economy,Foggy,5,6,WH009,Southern,3000,Yes,No,Mobile Phone,Electronics,0.3,28,25,Yes,No,Anti-static box with foam,600,Yes,No,6920.0,2025-08-20,Delivered,0
SL00183,Colombo,Kegalle,78,Three Wheeler,Economy,Cloudy,4,4,WH001,Western,10000,Yes,Yes,Books Bundle,Books,10.0,316,50,Yes,No,Corrugated box,200,No,No,2180.0,2025-08-20,Delivered,1
SL00184,Kandy,Puttalam,156,Three Wheeler,Economy,Rainy,4,4,WH003,Central,5000,Yes,Yes,Frozen Food Pack,Groceries,15.0,144,10,Yes,No,Insulated box,400,No,Yes,4080.0,2024-04-22,Delivered,1
SL00185,Colombo,Kalutara,42,Three Wheeler,Standard,Stormy,2,2,WH001,Western,10000,Yes,Yes,Ceramic Dinnerware Set,Fragile Items,6.0,12,20,Yes,Yes,Bubble wrap and double box,850,Yes,No,2340.0,2025-04-27,Delivered,1
SL00186,Kandy,Puttalam,156,Three Wheeler,Express,Foggy,1,1,WH003,Central,5000,Yes,Yes,LED Television,Electronics,15.0,359,40,Yes,No,Anti-static box with foam,600,Yes,No,7040.0,2025-04-15,Delivered,1
SL00187,Kurunegala,Ampara,191,Lorry,Standard,Cloudy,2,2,WH006,North Western,4000,Yes,No,Furniture Set,Furniture,80.0,118,20,Yes,No,Corner guards and blankets,700,No,No,8150.0,2024-08-18,Delivered,1
SL00188,Jaffna,Monaragala,445,Three Wheeler,Express,Stormy,2,4,WH005,Northern,3500,No,No,Books Bundle,Books,10.0,198,50,Yes,No,Corrugated box,200,No,No,15120.0,2025-07-10,Delayed,0
SL00189,Anuradhapura,Nuwara Eliya,200,Motorbike,Express,Cloudy,1,1,WH007,North Central,3000,No,No,Glass Vase Set,Fragile Items,4.0,0,100,No,Yes,Bubble wrap and double box,850,Yes,No,7540.0,2025-03-28,Delivered,1
SL00190,Batticaloa,Trincomalee,135,Three Wheeler,Express,Foggy,1,1,WH008,Eastern,2500,No,No,Fresh Vegetables Crate,Groceries,20.0,307,100,Yes,No,Insulated box,400,No,Yes,6110.0,2025-08-23,Delivered,1
SL00191,Galle,Kandy,225,Motorbike,Express,Rainy,1,1,WH004,Southern,4500,Yes,No,Medicine Pack,Pharmacy,0.5,0,40,No,Yes,Sealed insulated pack,500,No,Yes,8190.0,2024-04-12,Delivered,1
SL00192,Colombo,Ampara,360,Three Wheeler,Express,Stormy,2,4,WH001,Western,10000,Yes,Yes,Office Chair,Furniture,12.0,263,40,Yes,No,Corner guards and blankets,700,No,No,12540.0,2024-10-19,Delayed,0
SL00193,Gampaha,Chilaw,75,Three Wheeler,Express,Foggy,1,2,WH002,Western,6000,Yes,No,LED Television,Electronics,15.0,39,20,Yes,No,Anti-static box with foam,600,Yes,No,3920.0,2024-02-07,Delivered,0
SL00194,Batticaloa,Anuradhapura,204,Motorbike,Standard,Clear,2,2,WH008,Eastern,2500,No,No,Glass Vase Set,Fragile Items,4.0,0,50,No,Yes,Bubble wrap and double box,850,Yes,No,5520.0,2024-12-09,Delivered,1
SL00195,Batticaloa,Chilaw,272,Three Wheeler,Economy,Rainy,4,4,WH008,Eastern,2500,No,No,Books Bundle,Books,10.0,259,25,Yes,No,Corrugated box,200,No,No,5800.0,2024-12-04,Delivered,1
SL00196,Batticaloa,Chilaw,272,Van,Standard,Rainy,2,2,WH008,Eastern,2500,No,No,Dining Table,Furniture,35.0,0,25,No,Yes,Corner guards and blankets,700,No,No,8370.0,2024-07-16,Delivered,1
SL00197,Negombo,Chilaw,45,Van,Economy,Stormy,4,5,WH010,Western,4000,Yes,Yes,Dining Table,Furniture,35.0,64,40,Yes,No,Corner guards and blankets,700,No,No,2600.0,2024-11-27,Delayed,0
SL00198,Colombo,Kurunegala,95,Motorbike,Economy,Rainy,4,4,WH001,Western,10000,Yes,Yes,Medicine Pack,Pharmacy,0.5,156,25,Yes,No,Sealed insulated pack,500,No,Yes,2480.0,2025-08-09,Delivered,1
SL00199,Jaffna,Chilaw,302,Lorry,Standard,Rainy,3,3,WH005,Northern,3500,No,No,Refrigerator,Appliances,55.0,2,40,Yes,Yes,Wooden crate,1200,No,No,9690.0,2025-05-29,Delivered,1
SL00200,Gampaha,Chilaw,75,Three Wheeler,Standard,Cloudy,2,2,WH002,Western,6000,Yes,No,Books Bundle,Books,10.0,132,20,Yes,No,Corrugated box,200,No,No,2400.0,2025-01-17,Delivered,1
SL00201,Matara,Gampaha,182,Three Wheeler,Express,Rainy,1,1,WH009,Southern,3000,Yes,No,Cotton Clothing Bale,Clothing,8.0,325,10,Yes,No,Poly mailer bag,120,No,No,6550.0,2025-01-05,Delivered,1
SL00202,Negombo,Jaffna,355,Van,Same-Day,Foggy,2,2,WH010,Western,4000,Yes,Yes,Washing Machine,Appliances,40.0,123,50,Yes,No,Wooden crate,1200,No,No,18060.0,2025-06-16,Delivered,1
SL00203,Gampaha,Dambulla,146,Van,Express,Foggy,1,1,WH002,Western,6000,Yes,No,Auto Spare Parts,Auto Parts,25.0,281,40,Yes,No,Reinforced carton,450,No,No,6670.0,2025-04-12,Delivered,1
SL00204,Matara,Kalutara,123,Three Wheeler,Standard,Clear,2,2,WH009,Southern,3000,Yes,No,LED Television,Electronics,15.0,21,100,Yes,Yes,Anti-static box with foam,600,Yes,No,4220.0,2024-02-16,Delivered,1
SL00205,Kurunegala,Monaragala,167,Three Wheeler,Same-Day,Foggy,1,1,WH006,North Western,4000,Yes,No,Cotton Clothing Bale,Clothing,8.0,55,40,Yes,No,Poly mailer bag,120,No,No,7510.0,2024-05-18,Delivered,1
SL00206,Kurunegala,Vavuniya,183,Three Wheeler,Economy,Stormy,4,4,WH006,North Western,4000,Yes,No,Cotton Clothing Bale,Clothing,8.0,369,100,Yes,No,Poly mailer bag,120,No,No,4030.0,2024-05-01,Delivered,1
SL00207,Matara,Vavuniya,404,Van,Express,Rainy,2,2,WH009,Southern,3000,Yes,No,Dining Table,Furniture,35.0,31,25,Yes,No,Corner guards and blankets,700,No,No,15800.0,2025-07-11,Delivered,1
SL00208,Matara,Vavuniya,404,Three Wheeler,Express,Rainy,2,2,WH009,Southern,3000,Yes,No,Cotton Clothing Bale,Clothing,8.0,99,25,Yes,No,Poly mailer bag,120,No,No,14330.0,2024-04-25,Delivered,1
SL00209,Anuradhapura,Kegalle,153,Three Wheeler,Same-Day,Rainy,1,1,WH007,North Central,3000,No,No,LED Television,Electronics,15.0,71,50,Yes,No,Anti-static box with foam,600,Yes,No,8160.0,2024-02-19,Delivered,1
SL00210,Colombo,Vavuniya,255,Motorbike,Economy,Rainy,4,4,WH001,Western,10000,Yes,Yes,Medicine Pack,Pharmacy,0.5,48,20,Yes,No,Sealed insulated pack,500,No,Yes,5660.0,2024-08-27,Delivered,1
SL00211,Negombo,Kegalle,73,Motorbike,Standard,Rainy,2,2,WH010,Western,4000,Yes,Yes,Mobile Phone,Electronics,0.3,93,100,Yes,Yes,Anti-static box with foam,600,Yes,No,2440.0,2024-11-03,Delivered,1
SL00212,Colombo,Ampara,360,Three Wheeler,Express,Stormy,2,5,WH001,Western,10000,Yes,Yes,Fresh Vegetables Crate,Groceries,20.0,44,25,Yes,No,Insulated box,400,No,Yes,13060.0,2025-03-02,Delayed,0
SL00213,Kandy,Ratnapura,94,Three Wheeler,Economy,Rainy,4,4,WH003,Central,5000,Yes,Yes,Cotton Clothing Bale,Clothing,8.0,262,20,Yes,No,Poly mailer bag,120,No,No,2200.0,2024-05-27,Delivered,1
SL00214,Colombo,Ampara,360,Van,Economy,Stormy,5,5,WH001,Western,10000,Yes,Yes,Auto Spare Parts,Auto Parts,25.0,88,40,Yes,No,Reinforced carton,450,No,No,7620.0,2024-03-21,Delivered,1
SL00215,Kurunegala,Galle,212,Van,Express,Clear,1,1,WH006,North Western,4000,Yes,No,Auto Spare Parts,Auto Parts,25.0,364,50,Yes,No,Reinforced carton,450,No,No,8150.0,2024-03-15,Delivered,1
SL00216,Negombo,Kilinochchi,326,Three Wheeler,Express,Stormy,2,2,WH010,Western,4000,Yes,Yes,Ceramic Dinnerware Set,Fragile Items,6.0,190,25,Yes,No,Bubble wrap and double box,850,Yes,No,11220.0,2024-04-30,Delivered,1
SL00217,Galle,Monaragala,202,Three Wheeler,Express,Stormy,1,1,WH004,Southern,4500,Yes,No,Frozen Food Pack,Groceries,15.0,302,25,Yes,No,Insulated box,400,No,Yes,7820.0,2025-01-02,Failed,0
SL00218,Jaffna,Nuwara Eliya,403,Three Wheeler,Economy,Stormy,5,6,WH005,Northern,3500,No,No,Books Bundle,Books,10.0,12,40,Yes,Yes,Corrugated box,200,No,No,8340.0,2025-01-14,Failed,0
SL00219,Anuradhapura,Kandy,140,Motorbike,Express,Rainy,1,1,WH007,North Central,3000,No,No,Mobile Phone,Electronics,0.3,0,50,No,Yes,Anti-static box with foam,600,Yes,No,5460.0,2025-03-03,Delivered,1
SL00220,Kandy,Batticaloa,165,Three Wheeler,Standard,Rainy,2,2,WH003,Central,5000,Yes,Yes,Books Bundle,Books,10.0,145,40,Yes,No,Corrugated box,200,No,No,4620.0,2024-12-11,Delivered,1
SL00221,Batticaloa,Kilinochchi,305,Three Wheeler,Economy,Stormy,5,5,WH008,Eastern,2500,No,No,Fresh Vegetables Crate,Groceries,20.0,13,25,Yes,Yes,Insulated box,400,No,Yes,6680.0,2024-07-07,Delivered,1
SL00222,Colombo,Puttalam,130,Lorry,Same-Day,Clear,1,1,WH001,Western,10000,Yes,Yes,Furniture Set,Furniture,80.0,362,10,Yes,No,Corner guards and blankets,700,No,No,10750.0,2024-05-20,Failed,0
SL00223,Gampaha,Monaragala,197,Motorbike,Express,Clear,1,1,WH002,Western,6000,Yes,No,Medicine Pack,Pharmacy,0.5,253,25,Yes,No,Sealed insulated pack,500,No,Yes,7200.0,2025-05-09,Delivered,1
SL00224,Colombo,Kandy,115,Three Wheeler,Economy,Clear,4,4,WH001,Western,10000,Yes,Yes,Frozen Food Pack,Groceries,15.0,0,100,No,Yes,Insulated box,400,No,Yes,3130.0,2024-10-20,Delivered,1
SL00225,Matara,Monaragala,176,Lorry,Economy,Rainy,4,4,WH009,Southern,3000,Yes,No,Refrigerator,Appliances,55.0,2,50,Yes,Yes,Wooden crate,1200,No,No,5920.0,2025-06-23,Delivered,1
SL00226,Kurunegala,Matara,224,Three Wheeler,Economy,Clear,4,4,WH006,North Western,4000,Yes,No,Fresh Vegetables Crate,Groceries,20.0,227,40,Yes,No,Insulated box,400,No,Yes,5010.0,2024-08-19,Delivered,1
SL00227,Gampaha,Chilaw,75,Three Wheeler,Same-Day,Clear,1,1,WH002,Western,6000,Yes,No,Books Bundle,Books,10.0,213,50,Yes,No,Corrugated box,200,No,No,4110.0,2024-01-10,Delivered,1
SL00228,Gampaha,Kalutara,73,Van,Economy,Cloudy,4,4,WH002,Western,6000,Yes,No,Dining Table,Furniture,35.0,68,50,Yes,No,Corner guards and blankets,700,No,No,3120.0,2025-08-03,Delivered,1
SL00229,Jaffna,Kandy,335,Three Wheeler,Same-Day,Cloudy,2,2,WH005,Northern,3500,No,No,Frozen Food Pack,Groceries,15.0,308,100,Yes,No,Insulated box,400,No,Yes,14620.0,2024-11-18,Delivered,1
SL00230,Galle,Polonnaruwa,297,Lorry,Express,Stormy,1,1,WH004,Southern,4500,Yes,No,Refrigerator,Appliances,55.0,173,20,Yes,No,Wooden crate,1200,No,No,14230.0,2025-02-02,Delivered,1
SL00231,Kurunegala,Vavuniya,183,Lorry,Express,Clear,1,1,WH006,North Western,4000,Yes,No,Furniture Set,Furniture,80.0,197,10,Yes,No,Corner guards and blankets,700,No,No,10690.0,2024-03-18,Delivered,1
SL00232,Negombo,Kegalle,73,Motorbike,Economy,Cloudy,4,4,WH010,Western,4000,Yes,Yes,Mobile Phone,Electronics,0.3,0,25,No,Yes,Anti-static box with foam,600,Yes,No,2150.0,2024-12-30,Delivered,1
SL00233,Anuradhapura,Hambantota,332,Lorry,Express,Foggy,2,3,WH007,North Central,3000,No,No,Furniture Set,Furniture,80.0,63,50,Yes,No,Corner guards and blankets,700,No,No,15870.0,2024-03-25,Delivered,0
SL00234,Kandy,Vavuniya,211,Three Wheeler,Express,Stormy,1,2,WH003,Central,5000,Yes,Yes,Fresh Vegetables Crate,Groceries,20.0,74,10,Yes,No,Insulated box,400,No,Yes,8320.0,2024-10-03,Delivered,0
SL00235,Kandy,Jaffna,335,Motorbike,Express,Stormy,2,2,WH003,Central,5000,Yes,Yes,Laptop,Electronics,2.5,304,50,Yes,No,Anti-static box with foam,600,Yes,No,10920.0,2025-07-21,Delivered,1
SL00236,Negombo,Kegalle,73,Van,Standard,Stormy,2,3,WH010,Western,4000,Yes,Yes,Washing Machine,Appliances,40.0,0,40,No,Yes,Wooden crate,1200,No,No,4690.0,2025-07-26,Delivered,0
SL00237,Negombo,Puttalam,95,Motorbike,Express,Stormy,1,1,WH010,Western,4000,Yes,Yes,Medicine Pack,Pharmacy,0.5,5,25,Yes,Yes,Sealed insulated pack,500,No,Yes,3670.0,2025-03-21,Delivered,1
SL00238,Anuradhapura,Ratnapura,235,Three Wheeler,Economy,Clear,4,6,WH007,North Central,3000,No,No,Fresh Vegetables Crate,Groceries,20.0,146,100,Yes,No,Insulated box,400,No,Yes,5460.0,2024-07-19,Delayed,0
SL00239,Gampaha,Negombo,27,Van,Standard,Clear,2,2,WH002,Western,6000,Yes,No,Auto Spare Parts,Auto Parts,25.0,190,50,Yes,No,Reinforced carton,450,No,No,2340.0,2024-12-03,Delivered,1
SL00240,Kurunegala,Hambantota,226,Van,Express,Cloudy,1,1,WH006,North Western,4000,Yes,No,Auto Spare Parts,Auto Parts,25.0,375,20,Yes,No,Reinforced carton,450,No,No,8910.0,2025-02-11,Delivered,1
SL00241,Jaffna,Kilinochchi,70,Motorbike,Economy,Foggy,4,5,WH005,Northern,3500,No,No,Mobile Phone,Electronics,0.3,186,40,Yes,No,Anti-static box with foam,600,Yes,No,2070.0,2024-04-26,Delivered,0
SL00242,Negombo,Ampara,264,Three Wheeler,Express,Foggy,1,2,WH010,Western,4000,Yes,Yes,Ceramic Dinnerware Set,Fragile Items,6.0,0,100,No,Yes,Bubble wrap and double box,850,Yes,No,9400.0,2024-10-25,Delivered,0
SL00243,Anuradhapura,Dambulla,65,Van,Economy,Rainy,4,5,WH007,North Central,3000,No,No,Washing Machine,Appliances,40.0,143,25,Yes,No,Wooden crate,1200,No,No,3850.0,2025-01-21,Delayed,0
SL00244,Batticaloa,Kegalle,205,Van,Economy,Foggy,4,4,WH008,Eastern,2500,No,No,Washing Machine,Appliances,40.0,279,100,Yes,No,Wooden crate,1200,No,No,6480.0,2025-01-03,Delivered,1
SL00245,Negombo,Chilaw,45,Lorry,Same-Day,Clear,1,1,WH010,Western,4000,Yes,Yes,Furniture Set,Furniture,80.0,356,100,Yes,No,Corner guards and blankets,700,No,No,7770.0,2024-02-15,Delivered,1
SL00246,Kurunegala,Hambantota,226,Motorbike,Same-Day,Clear,1,1,WH006,North Western,4000,Yes,No,Glass Vase Set,Fragile Items,4.0,4,50,Yes,Yes,Bubble wrap and double box,850,Yes,No,10730.0,2025-08-17,Failed,0
SL00247,Batticaloa,Nuwara Eliya,171,Motorbike,Economy,Stormy,4,4,WH008,Eastern,2500,No,No,Medicine Pack,Pharmacy,0.5,321,100,Yes,No,Sealed insulated pack,500,No,Yes,4060.0,2025-05-09,Delivered,1
SL00248,Jaffna,Hambantota,535,Motorbike,Same-Day,Clear,2,2,WH005,Northern,3500,No,No,Laptop,Electronics,2.5,393,20,Yes,No,Anti-static box with foam,600,Yes,No,22120.0,2025-04-11,Delivered,1
SL00249,Matara,Gampaha,182,Three Wheeler,Standard,Stormy,2,2,WH009,Southern,3000,Yes,No,Ceramic Dinnerware Set,Fragile Items,6.0,12,100,Yes,Yes,Bubble wrap and double box,850,Yes,No,5270.0,2024-04-27,Delivered,1
SL00250,Kurunegala,Chilaw,81,Lorry,Same-Day,Rainy,1,1,WH006,North Western,4000,Yes,No,Refrigerator,Appliances,55.0,399,20,Yes,No,Wooden crate,1200,No,No,8110.0,2024-06-12,Delivered,1
SL00251,Matara,Hambantota,75,Motorbike,Economy,Rainy,4,4,WH009,Southern,3000,Yes,No,Mobile Phone,Electronics,0.3,342,20,Yes,No,Anti-static box with foam,600,Yes,No,2230.0,2025-03-18,Delivered,1
SL00252,Colombo,Kilinochchi,360,Motorbike,Express,Stormy,2,3,WH001,Western,10000,Yes,Yes,Glass Vase Set,Fragile Items,4.0,219,10,Yes,No,Bubble wrap and double box,850,Yes,No,13120.0,2024-03-05,Delayed,0
SL00253,Matara,Anuradhapura,341,Motorbike,Standard,Cloudy,3,5,WH009,Southern,3000,Yes,No,Laptop,Electronics,2.5,2,25,Yes,Yes,Anti-static box with foam,600,Yes,No,8610.0,2024-11-16,Delayed,0
SL00254,Negombo,Vavuniya,241,Motorbike,Same-Day,Cloudy,1,1,WH010,Western,4000,Yes,Yes,Glass Vase Set,Fragile Items,4.0,254,50,Yes,No,Bubble wrap and double box,850,Yes,No,11790.0,2024-10-31,Delivered,1
SL00255,Kandy,Badulla,130,Van,Same-Day,Rainy,1,2,WH003,Central,5000,Yes,Yes,Washing Machine,Appliances,40.0,113,25,Yes,No,Wooden crate,1200,No,No,9520.0,2025-03-04,Delayed,0
SL00256,Negombo,Vavuniya,241,Three Wheeler,Economy,Rainy,4,5,WH010,Western,4000,Yes,Yes,Office Chair,Furniture,12.0,295,100,Yes,No,Corner guards and blankets,700,No,No,5620.0,2025-05-16,Delayed,0
SL00257,Kandy,Trincomalee,180,Three Wheeler,Standard,Stormy,2,2,WH003,Central,5000,Yes,Yes,Books Bundle,Books,10.0,203,10,Yes,No,Corrugated box,200,No,No,5070.0,2025-07-29,Delivered,1
SL00258,Batticaloa,Hambantota,245,Motorbike,Economy,Stormy,4,4,WH008,Eastern,2500,No,No,Documents Package,Documents,0.5,247,40,Yes,No,Padded envelope,150,No,No,4450.0,2024-08-13,Delivered,1
SL00259,Colombo,Kurunegala,95,Three Wheeler,Express,Foggy,1,2,WH001,Western,10000,Yes,Yes,Books Bundle,Books,10.0,254,50,Yes,No,Corrugated box,200,No,No,4070.0,2025-06-07,Failed,0
SL00260,Negombo,Jaffna,355,Motorbike,Standard,Foggy,3,3,WH010,Western,4000,Yes,Yes,Laptop,Electronics,2.5,207,50,Yes,No,Anti-static box with foam,600,Yes,No,9160.0,2025-07-13,Failed,0
SL00261,Anuradhapura,Jaffna,195,Three Wheeler,Express,Cloudy,1,1,WH007,North Central,3000,No,No,Ceramic Dinnerware Set,Fragile Items,6.0,36,40,Yes,Yes,Bubble wrap and double box,850,Yes,No,7490.0,2024-03-30,Delivered,1
SL00262,Gampaha,Batticaloa,261,Van,Express,Foggy,1,3,WH002,Western,6000,Yes,No,Auto Spare Parts,Auto Parts,25.0,383,50,Yes,No,Reinforced carton,450,No,No,9720.0,2024-07-30,Delayed,0
SL00263,Colombo,Polonnaruwa,225,Three Wheeler,Standard,Foggy,2,3,WH001,Western,10000,Yes,Yes,Ceramic Dinnerware Set,Fragile Items,6.0,295,20,Yes,No,Bubble wrap and double box,850,Yes,No,6190.0,2025-08-09,Delivered,0
SL00264,Matara,Dambulla,276,Three Wheeler,Same-Day,Rainy,1,1,WH009,Southern,3000,Yes,No,Fresh Vegetables Crate,Groceries,20.0,230,10,Yes,No,Insulated box,400,No,Yes,13940.0,2024-05-09,Delivered,1
SL00265,Galle,Anuradhapura,330,Three Wheeler,Standard,Rainy,3,3,WH004,Southern,4500,Yes,No,Office Chair,Furniture,12.0,366,40,Yes,No,Corner guards and blankets,700,No,No,8330.0,2024-10-02,Delivered,1
SL00266,Anuradhapura,Kalutara,257,Three Wheeler,Same-Day,Clear,1,1,WH007,North Central,3000,No,No,Cotton Clothing Bale,Clothing,8.0,162,100,Yes,No,Poly mailer bag,120,No,No,11380.0,2025-05-14,Delivered,1
SL00267,Negombo,Colombo,38,Motorbike,Same-Day,Stormy,1,2,WH010,Western,4000,Yes,Yes,Mobile Phone,Electronics,0.3,377,25,Yes,No,Anti-static box with foam,600,Yes,No,2650.0,2025-03-15,Delivered,0
SL00268,Batticaloa,Kurunegala,194,Three Wheeler,Standard,Cloudy,2,2,WH008,Eastern,2500,No,No,Ceramic Dinnerware Set,Fragile Items,6.0,315,20,Yes,No,Bubble wrap and double box,850,Yes,No,5960.0,2024-12-17,Delivered,1
SL00269,Colombo,Negombo,38,Three Wheeler,Economy,Clear,4,4,WH001,Western,10000,Yes,Yes,LED Television,Electronics,15.0,14,20,Yes,Yes,Anti-static box with foam,600,Yes,No,1940.0,2025-03-14,Delivered,1
SL00270,Kandy,Chilaw,126,Three Wheeler,Standard,Rainy,2,4,WH003,Central,5000,Yes,Yes,Ceramic Dinnerware Set,Fragile Items,6.0,160,10,Yes,No,Bubble wrap and double box,850,Yes,No,4030.0,2025-01-15,Delayed,0
SL00271,Colombo,Vavuniya,255,Van,Standard,Rainy,2,2,WH001,Western,10000,Yes,Yes,Dining Table,Furniture,35.0,66,100,Yes,Yes,Corner guards and blankets,700,No,No,7370.0,2025-05-03,Delivered,1
SL00272,Kandy,Polonnaruwa,107,Van,Express,Foggy,1,4,WH003,Central,5000,Yes,Yes,Washing Machine,Appliances,40.0,24,10,Yes,No,Wooden crate,1200,No,No,7410.0,2025-03-08,Delayed,0
SL00273,Batticaloa,Galle,323,Three Wheeler,Express,Stormy,2,2,WH008,Eastern,2500,No,No,Office Chair,Furniture,12.0,13,10,Yes,No,Corner guards and blankets,700,No,No,12390.0,2024-05-20,Delivered,1
SL00274,Kandy,Chilaw,126,Motorbike,Express,Clear,1,2,WH003,Central,5000,Yes,Yes,Glass Vase Set,Fragile Items,4.0,24,50,Yes,Yes,Bubble wrap and double box,850,Yes,No,5360.0,2024-08-06,Delayed,0
SL00275,Anuradhapura,Kegalle,153,Three Wheeler,Economy,Rainy,4,4,WH007,North Central,3000,No,No,Office Chair,Furniture,12.0,2,20,Yes,Yes,Corner guards and blankets,700,No,No,3800.0,2025-01-28,Failed,0
SL00276,Anuradhapura,Badulla,212,Van,Express,Rainy,1,1,WH007,North Central,3000,No,No,Air Conditioner,Appliances,45.0,63,20,Yes,No,Wooden crate,1200,No,No,10600.0,2024-10-18,Delivered,1
SL00277,Jaffna,Batticaloa,369,Lorry,Express,Stormy,2,2,WH005,Northern,3500,No,No,Refrigerator,Appliances,55.0,47,20,Yes,No,Wooden crate,1200,No,No,15270.0,2024-03-13,Delivered,1
SL00278,Colombo,Nuwara Eliya,180,Motorbike,Standard,Rainy,2,2,WH001,Western,10000,Yes,Yes,Documents Package,Documents,0.5,311,40,Yes,No,Padded envelope,150,No,No,4500.0,2024-06-25,Delivered,1
SL00279,Gampaha,Colombo,33,Three Wheeler,Same-Day,Clear,1,1,WH002,Western,6000,Yes,No,Frozen Food Pack,Groceries,15.0,40,10,Yes,No,Insulated box,400,No,Yes,3230.0,2025-05-28,Delivered,1
SL00280,Anuradhapura,Monaragala,248,Three Wheeler,Economy,Clear,4,4,WH007,North Central,3000,No,No,Cotton Clothing Bale,Clothing,8.0,295,50,Yes,No,Poly mailer bag,120,No,No,4840.0,2024-11-13,Delivered,1
SL00281,Matara,Trincomalee,391,Van,Express,Foggy,2,3,WH009,Southern,3000,Yes,No,Washing Machine,Appliances,40.0,320,100,Yes,No,Wooden crate,1200,No,No,16180.0,2024-03-08,Failed,0
SL00282,Anuradhapura,Kilinochchi,157,Three Wheeler,Express,Clear,1,1,WH007,North Central,3000,No,No,Books Bundle,Books,10.0,242,10,Yes,No,Corrugated box,200,No,No,6100.0,2024-02-26,Delivered,1
SL00283,Kandy,Negombo,113,Three Wheeler,Same-Day,Rainy,1,1,WH003,Central,5000,Yes,Yes,Books Bundle,Books,10.0,103,40,Yes,No,Corrugated box,200,No,No,5920.0,2024-09-22,Delivered,1
SL00284,Kurunegala,Negombo,84,Van,Standard,Clear,2,2,WH006,North Western,4000,Yes,No,Dining Table,Furniture,35.0,35,25,Yes,No,Corner guards and blankets,700,No,No,3980.0,2024-03-06,Delivered,1
SL00285,Negombo,Chilaw,45,Three Wheeler,Same-Day,Stormy,1,2,WH010,Western,4000,Yes,Yes,Fresh Vegetables Crate,Groceries,20.0,204,10,Yes,No,Insulated box,400,No,Yes,3840.0,2024-06-10,Delivered,0
SL00286,Gampaha,Polonnaruwa,189,Three Wheeler,Same-Day,Rainy,1,1,WH002,Western,6000,Yes,No,Fresh Vegetables Crate,Groceries,20.0,21,10,Yes,No,Insulated box,400,No,Yes,9430.0,2025-04-28,Delivered,1
SL00287,Anuradhapura,Negombo,178,Van,Express,Clear,1,3,WH007,North Central,3000,No,No,Air Conditioner,Appliances,45.0,385,100,Yes,No,Wooden crate,1200,No,No,9040.0,2024-09-11,Delayed,0
SL00288,Kurunegala,Matara,224,Three Wheeler,Same-Day,Foggy,1,1,WH006,North Western,4000,Yes,No,Cotton Clothing Bale,Clothing,8.0,277,100,Yes,No,Poly mailer bag,120,No,No,10560.0,2024-02-17,Delivered,1
SL00289,Gampaha,Hambantota,214,Motorbike,Standard,Cloudy,2,2,WH002,Western,6000,Yes,No,Glass Vase Set,Fragile Items,4.0,303,40,Yes,No,Bubble wrap and double box,850,Yes,No,5950.0,2024-10-25,Delivered,1
SL00290,Negombo,Matara,208,Three Wheeler,Economy,Cloudy,4,7,WH010,Western,4000,Yes,Yes,Books Bundle,Books,10.0,272,20,Yes,No,Corrugated box,200,No,No,4580.0,2024-09-08,Delayed,0
SL00291,Colombo,Hambantota,240,Three Wheeler,Same-Day,Rainy,1,1,WH001,Western,10000,Yes,Yes,Office Chair,Furniture,12.0,345,100,Yes,No,Corner guards and blankets,700,No,No,12340.0,2024-01-02,Delivered,1
SL00292,Jaffna,Negombo,355,Motorbike,Express,Foggy,2,3,WH005,Northern,3500,No,No,Glass Vase Set,Fragile Items,4.0,234,40,Yes,No,Bubble wrap and double box,850,Yes,No,11900.0,2024-10-13,Delivered,0
SL00293,Colombo,Matara,160,Van,Economy,Cloudy,4,4,WH001,Western,10000,Yes,Yes,Washing Machine,Appliances,40.0,63,50,Yes,No,Wooden crate,1200,No,No,5430.0,2025-02-07,Delivered,1
SL00294,Negombo,Polonnaruwa,196,Van,Same-Day,Stormy,1,1,WH010,Western,4000,Yes,Yes,Washing Machine,Appliances,40.0,86,20,Yes,No,Wooden crate,1200,No,No,11830.0,2025-02-06,Delivered,1
SL00295,Kurunegala,Kalutara,143,Motorbike,Standard,Rainy,2,2,WH006,North Western,4000,Yes,No,Mobile Phone,Electronics,0.3,4,20,Yes,Yes,Anti-static box with foam,600,Yes,No,4250.0,2024-04-21,Failed,0
SL00296,Gampaha,Anuradhapura,185,Three Wheeler,Economy,Stormy,4,5,WH002,Western,6000,Yes,No,Office Chair,Furniture,12.0,81,50,Yes,No,Corner guards and blankets,700,No,No,4390.0,2024-11-11,Delivered,0
SL00297,Jaffna,Negombo,355,Van,Same-Day,Rainy,2,5,WH005,Northern,3500,No,No,Auto Spare Parts,Auto Parts,25.0,175,100,Yes,No,Reinforced carton,450,No,No,15720.0,2024-12-01,Delayed,0
SL00298,Gampaha,Monaragala,197,Three Wheeler,Express,Cloudy,1,1,WH002,Western,6000,Yes,No,Office Chair,Furniture,12.0,45,100,Yes,Yes,Corner guards and blankets,700,No,No,7590.0,2024-06-27,Delivered,1
SL00299,Anuradhapura,Kalutara,257,Lorry,Express,Clear,1,1,WH007,North Central,3000,No,No,Refrigerator,Appliances,55.0,91,10,Yes,No,Wooden crate,1200,No,No,11600.0,2024-08-15,Delivered,1
SL00300,Galle,Vavuniya,395,Three Wheeler,Standard,Clear,3,3,WH004,Southern,4500,Yes,No,Office Chair,Furniture,12.0,152,10,Yes,No,Corner guards and blankets,700,No,No,10910.0,2024-07-21,Delivered,1
SL00301,Kandy,Jaffna,335,Van,Standard,Clear,3,3,WH003,Central,5000,Yes,Yes,Auto Spare Parts,Auto Parts,25.0,0,40,No,Yes,Reinforced carton,450,No,No,8670.0,2025-08-10,Delivered,1
SL00302,Anuradhapura,Gampaha,185,Three Wheeler,Same-Day,Stormy,1,2,WH007,North Central,3000,No,No,Cotton Clothing Bale,Clothing,8.0,108,25,Yes,No,Poly mailer bag,120,No,No,8310.0,2025-04-01,Delivered,0
SL00303,Colombo,Kegalle,78,Three Wheeler,Express,Cloudy,1,1,WH001,Western,10000,Yes,Yes,Office Chair,Furniture,12.0,301,40,Yes,No,Corner guards and blankets,700,No,No,3910.0,2025-01-27,Delivered,1
SL00304,Anuradhapura,Batticaloa,204,Three Wheeler,Express,Foggy,1,1,WH007,North Central,3000,No,No,Office Chair,Furniture,12.0,215,100,Yes,No,Corner guards and blankets,700,No,No,8390.0,2024-12-18,Delivered,1
SL00305,Kurunegala,Vavuniya,183,Motorbike,Standard,Rainy,2,2,WH006,North Western,4000,Yes,No,Documents Package,Documents,0.5,0,50,No,Yes,Padded envelope,150,No,No,4240.0,2024-10-14,Delivered,1
SL00306,Batticaloa,Puttalam,271,Three Wheeler,Standard,Foggy,2,3,WH008,Eastern,2500,No,No,LED Television,Electronics,15.0,101,10,Yes,No,Anti-static box with foam,600,Yes,No,7220.0,2024-02-27,Delivered,0
SL00307,Negombo,Vavuniya,241,Motorbike,Standard,Rainy,2,2,WH010,Western,4000,Yes,Yes,Medicine Pack,Pharmacy,0.5,10,25,Yes,Yes,Sealed insulated pack,500,No,Yes,6350.0,2024-01-29,Failed,0
SL00308,Negombo,Polonnaruwa,196,Van,Express,Foggy,1,1,WH010,Western,4000,Yes,Yes,Air Conditioner,Appliances,45.0,272,50,Yes,No,Wooden crate,1200,No,No,9320.0,2024-02-27,Delivered,1
SL00309,Negombo,Matara,208,Motorbike,Same-Day,Foggy,1,2,WH010,Western,4000,Yes,Yes,Medicine Pack,Pharmacy,0.5,189,50,Yes,No,Sealed insulated pack,500,No,Yes,9190.0,2024-06-30,Delivered,0
SL00310,Colombo,Kandy,115,Motorbike,Express,Foggy,1,2,WH001,Western,10000,Yes,Yes,Mobile Phone,Electronics,0.3,92,10,Yes,No,Anti-static box with foam,600,Yes,No,4920.0,2025-01-17,Delivered,0
SL00311,Negombo,Jaffna,355,Motorbike,Standard,Cloudy,3,3,WH010,Western,4000,Yes,Yes,Glass Vase Set,Fragile Items,4.0,100,100,Yes,Yes,Bubble wrap and double box,850,Yes,No,9560.0,2025-05-13,Delivered,1
SL00312,Kandy,Monaragala,119,Motorbike,Standard,Rainy,2,2,WH003,Central,5000,Yes,Yes,Mobile Phone,Electronics,0.3,109,40,Yes,No,Anti-static box with foam,600,Yes,No,3680.0,2024-10-28,Delivered,1
SL00313,Kandy,Kilinochchi,306,Three Wheeler,Same-Day,Foggy,2,3,WH003,Central,5000,Yes,Yes,Office Chair,Furniture,12.0,310,10,Yes,No,Corner guards and blankets,700,No,No,15090.0,2024-08-14,Delivered,0
SL00314,Batticaloa,Negombo,276,Motorbike,Standard,Clear,2,3,WH008,Eastern,2500,No,No,Laptop,Electronics,2.5,183,20,Yes,No,Anti-static box with foam,600,Yes,No,7450.0,2024-12-09,Delayed,0
SL00315,Colombo,Kurunegala,95,Van,Express,Rainy,1,1,WH001,Western,10000,Yes,Yes,Auto Spare Parts,Auto Parts,25.0,199,25,Yes,No,Reinforced carton,450,No,No,5230.0,2024-02-19,Delivered,1
SL00316,Batticaloa,Kilinochchi,305,Motorbike,Economy,Rainy,5,5,WH008,Eastern,2500,No,No,Glass Vase Set,Fragile Items,4.0,272,40,Yes,No,Bubble wrap and double box,850,Yes,No,6680.0,2024-04-13,Delivered,1
SL00317,Negombo,Chilaw,45,Three Wheeler,Express,Rainy,1,1,WH010,Western,4000,Yes,Yes,Frozen Food Pack,Groceries,15.0,37,25,Yes,No,Insulated box,400,No,Yes,2900.0,2024-04-17,Delivered,1
SL00318,Kurunegala,Anuradhapura,110,Van,Economy,Rainy,4,4,WH006,North Western,4000,Yes,No,Washing Machine,Appliances,40.0,300,10,Yes,No,Wooden crate,1200,No,No,4600.0,2025-05-09,Delivered,1
SL00319,Anuradhapura,Chilaw,136,Lorry,Express,Foggy,1,1,WH007,North Central,3000,No,No,Refrigerator,Appliances,55.0,100,10,Yes,No,Wooden crate,1200,No,No,9150.0,2025-02-23,Delivered,1
SL00320,Matara,Kurunegala,224,Lorry,Standard,Cloudy,2,2,WH009,Southern,3000,Yes,No,Furniture Set,Furniture,80.0,45,40,Yes,No,Corner guards and blankets,700,No,No,8880.0,2025-05-17,Delivered,1
SL00321,Colombo,Nuwara Eliya,180,Three Wheeler,Same-Day,Stormy,1,4,WH001,Western,10000,Yes,Yes,Office Chair,Furniture,12.0,14,100,Yes,Yes,Corner guards and blankets,700,No,No,8700.0,2024-07-30,Delayed,0
SL00322,Jaffna,Galle,525,Van,Economy,Clear,5,5,WH005,Northern,3500,No,No,Dining Table,Furniture,35.0,223,40,Yes,No,Corner guards and blankets,700,No,No,11890.0,2024-09-28,Delivered,1
SL00323,Matara,Vavuniya,404,Van,Express,Cloudy,2,2,WH009,Southern,3000,Yes,No,Washing Machine,Appliances,40.0,209,20,Yes,No,Wooden crate,1200,No,No,15160.0,2025-03-26,Delivered,1
SL00324,Jaffna,Matara,541,Van,Standard,Foggy,3,4,WH005,Northern,3500,No,No,Auto Spare Parts,Auto Parts,25.0,13,100,Yes,Yes,Reinforced carton,450,No,No,13370.0,2025-07-08,Delayed,0
SL00325,Negombo,Matara,208,Three Wheeler,Same-Day,Stormy,1,3,WH010,Western,4000,Yes,Yes,Cotton Clothing Bale,Clothing,8.0,234,50,Yes,No,Poly mailer bag,120,No,No,9150.0,2024-11-02,Delayed,0
SL00326,Anuradhapura,Monaragala,248,Van,Same-Day,Foggy,1,4,WH007,North Central,3000,No,No,Washing Machine,Appliances,40.0,284,50,Yes,No,Wooden crate,1200,No,No,15110.0,2025-04-04,Delayed,0
SL00327,Kandy,Batticaloa,165,Van,Express,Rainy,1,3,WH003,Central,5000,Yes,Yes,Dining Table,Furniture,35.0,0,10,No,Yes,Corner guards and blankets,700,No,No,7670.0,2024-05-31,Delayed,0
SL00328,Kurunegala,Kilinochchi,276,Three Wheeler,Same-Day,Clear,1,1,WH006,North Western,4000,Yes,No,Fresh Vegetables Crate,Groceries,20.0,223,50,Yes,No,Insulated box,400,No,Yes,13920.0,2025-06-16,Delivered,1
SL00329,Colombo,Monaragala,290,Van,Economy,Clear,4,4,WH001,Western,10000,Yes,Yes,Auto Spare Parts,Auto Parts,25.0,95,50,Yes,No,Reinforced carton,450,No,No,6630.0,2024-04-12,Delivered,1
SL00330,Negombo,Jaffna,355,Motorbike,Standard,Foggy,3,4,WH010,Western,4000,Yes,Yes,Laptop,Electronics,2.5,230,25,Yes,No,Anti-static box with foam,600,Yes,No,8970.0,2025-04-29,Delivered,0
SL00331,Kandy,Kurunegala,42,Three Wheeler,Economy,Rainy,4,4,WH003,Central,5000,Yes,Yes,LED Television,Electronics,15.0,368,100,Yes,No,Anti-static box with foam,600,Yes,No,1890.0,2024-12-05,Delivered,1
SL00332,Colombo,Kilinochchi,360,Motorbike,Economy,Cloudy,5,5,WH001,Western,10000,Yes,Yes,Medicine Pack,Pharmacy,0.5,30,25,Yes,No,Sealed insulated pack,500,No,Yes,6970.0,2025-05-18,Delivered,1
SL00333,Galle,Anuradhapura,330,Motorbike,Standard,Stormy,3,6,WH004,Southern,4500,Yes,No,Laptop,Electronics,2.5,184,25,Yes,No,Anti-static box with foam,600,Yes,No,7860.0,2025-03-28,Delayed,0
SL00334,Anuradhapura,Kilinochchi,157,Three Wheeler,Economy,Foggy,4,4,WH007,North Central,3000,No,No,Ceramic Dinnerware Set,Fragile Items,6.0,48,50,Yes,Yes,Bubble wrap and double box,850,Yes,No,4180.0,2025-02-17,Delivered,1
SL00335,Matara,Polonnaruwa,295,Three Wheeler,Same-Day,Rainy,1,1,WH009,Southern,3000,Yes,No,Office Chair,Furniture,12.0,14,20,Yes,Yes,Corner guards and blankets,700,No,No,13340.0,2025-04-12,Delivered,1
SL00336,Kurunegala,Monaragala,167,Three Wheeler,Express,Cloudy,1,1,WH006,North Western,4000,Yes,No,LED Television,Electronics,15.0,257,50,Yes,No,Anti-static box with foam,600,Yes,No,7100.0,2024-05-06,Delivered,1
SL00337,Galle,Nuwara Eliya,157,Lorry,Economy,Foggy,4,4,WH004,Southern,4500,Yes,No,Refrigerator,Appliances,55.0,262,50,Yes,No,Wooden crate,1200,No,No,5530.0,2024-09-21,Delivered,1
SL00338,Jaffna,Colombo,400,Van,Economy,Clear,5,5,WH005,Northern,3500,No,No,Washing Machine,Appliances,40.0,10,20,Yes,Yes,Wooden crate,1200,No,No,9890.0,2024-07-30,Delivered,1
SL00339,Anuradhapura,Puttalam,91,Three Wheeler,Same-Day,Clear,1,1,WH007,North Central,3000,No,No,Fresh Vegetables Crate,Groceries,20.0,87,100,Yes,Yes,Insulated box,400,No,Yes,5940.0,2024-01-09,Delivered,1
SL00340,Jaffna,Kegalle,351,Motorbike,Standard,Cloudy,3,3,WH005,Northern,3500,No,No,Medicine Pack,Pharmacy,0.5,212,25,Yes,No,Sealed insulated pack,500,No,Yes,8330.0,2025-04-22,Delivered,1
SL00341,Matara,Kegalle,189,Three Wheeler,Economy,Foggy,4,4,WH009,Southern,3000,Yes,No,Books Bundle,Books,10.0,9,100,Yes,Yes,Corrugated box,200,No,No,4140.0,2024-10-16,Delivered,1
SL00342,Gampaha,Kalutara,73,Three Wheeler,Same-Day,Cloudy,1,1,WH002,Western,6000,Yes,No,Books Bundle,Books,10.0,347,25,Yes,No,Corrugated box,200,No,No,4160.0,2024-11-01,Delivered,1
SL00343,Kandy,Puttalam,156,Three Wheeler,Express,Clear,1,3,WH003,Central,5000,Yes,Yes,Ceramic Dinnerware Set,Fragile Items,6.0,327,40,Yes,No,Bubble wrap and double box,850,Yes,No,6590.0,2024-01-27,Delayed,0
SL00344,Jaffna,Kurunegala,317,Three Wheeler,Economy,Stormy,5,9,WH005,Northern,3500,No,No,Frozen Food Pack,Groceries,15.0,38,50,Yes,Yes,Insulated box,400,No,Yes,6560.0,2024-08-15,Delayed,0
SL00345,Batticaloa,Dambulla,151,Lorry,Standard,Foggy,2,2,WH008,Eastern,2500,No,No,Furniture Set,Furniture,80.0,107,100,Yes,No,Corner guards and blankets,700,No,No,6790.0,2024-05-11,Delivered,1
SL00346,Matara,Anuradhapura,341,Three Wheeler,Standard,Clear,3,3,WH009,Southern,3000,Yes,No,Fresh Vegetables Crate,Groceries,20.0,134,100,Yes,No,Insulated box,400,No,Yes,8890.0,2024-12-05,Delivered,1
SL00347,Jaffna,Polonnaruwa,285,Van,Standard,Stormy,2,5,WH005,Northern,3500,No,No,Air Conditioner,Appliances,45.0,260,10,Yes,No,Wooden crate,1200,No,No,9600.0,2025-04-28,Delayed,0
SL00348,Matara,Jaffna,541,Three Wheeler,Economy,Foggy,5,6,WH009,Southern,3000,Yes,No,Ceramic Dinnerware Set,Fragile Items,6.0,47,20,Yes,No,Bubble wrap and double box,850,Yes,No,10650.0,2025-08-06,Delivered,0
SL00349,Kandy,Badulla,130,Van,Express,Clear,1,1,WH003,Central,5000,Yes,Yes,Auto Spare Parts,Auto Parts,25.0,343,20,Yes,No,Reinforced carton,450,No,No,6270.0,2024-01-05,Delivered,1
SL00350,Jaffna,Batticaloa,369,Van,Express,Foggy,2,3,WH005,Northern,3500,No,No,Auto Spare Parts,Auto Parts,25.0,270,10,Yes,No,Reinforced carton,450,No,No,13850.0,2025-02-17,Delivered,0
SL00351,Batticaloa,Vavuniya,227,Three Wheeler,Same-Day,Clear,1,1,WH008,Eastern,2500,No,No,Cotton Clothing Bale,Clothing,8.0,394,25,Yes,No,Poly mailer bag,120,No,No,10810.0,2025-06-27,Delivered,1
SL00352,Colombo,Dambulla,148,Three Wheeler,Same-Day,Rainy,1,1,WH001,Western,10000,Yes,Yes,Ceramic Dinnerware Set,Fragile Items,6.0,196,25,Yes,No,Bubble wrap and double box,850,Yes,No,7280.0,2025-05-30,Delivered,1
SL00353,Kandy,Jaffna,335,Three Wheeler,Same-Day,Cloudy,2,2,WH003,Central,5000,Yes,Yes,Books Bundle,Books,10.0,253,100,Yes,No,Corrugated box,200,No,No,14980.0,2024-12-11,Delivered,1
SL00354,Kandy,Badulla,130,Three Wheeler,Economy,Cloudy,4,4,WH003,Central,5000,Yes,Yes,Cotton Clothing Bale,Clothing,8.0,104,40,Yes,No,Poly mailer bag,120,No,No,2790.0,2024-05-14,Delivered,1
SL00355,Colombo,Polonnaruwa,225,Three Wheeler,Express,Clear,1,1,WH001,Western,10000,Yes,Yes,Ceramic Dinnerware Set,Fragile Items,6.0,353,10,Yes,No,Bubble wrap and double box,850,Yes,No,9030.0,2024-09-18,Delivered,1
SL00356,Negombo,Kandy,113,Lorry,Same-Day,Clear,1,2,WH010,Western,4000,Yes,Yes,Furniture Set,Furniture,80.0,30,10,Yes,No,Corner guards and blankets,700,No,No,10740.0,2025-01-24,Delayed,0
SL00357,Matara,Kurunegala,224,Motorbike,Economy,Rainy,4,4,WH009,Southern,3000,Yes,No,Laptop,Electronics,2.5,371,100,Yes,No,Anti-static box with foam,600,Yes,No,4770.0,2024-04-13,Delivered,1
SL00358,Jaffna,Kegalle,351,Motorbike,Express,Stormy,2,5,WH005,Northern,3500,No,No,Documents Package,Documents,0.5,73,50,Yes,No,Padded envelope,150,No,No,10900.0,2024-04-18,Delayed,0
SL00359,Galle,Kegalle,177,Three Wheeler,Express,Cloudy,1,3,WH004,Southern,4500,Yes,No,Frozen Food Pack,Groceries,15.0,123,25,Yes,No,Insulated box,400,No,Yes,6880.0,2024-02-10,Delayed,0
SL00360,Batticaloa,Trincomalee,135,Lorry,Economy,Cloudy,4,4,WH008,Eastern,2500,No,No,Furniture Set,Furniture,80.0,26,100,Yes,Yes,Corner guards and blankets,700,No,No,5930.0,2025-08-10,Delivered,1
SL00361,Kandy,Jaffna,335,Three Wheeler,Same-Day,Clear,2,2,WH003,Central,5000,Yes,Yes,Frozen Food Pack,Groceries,15.0,349,20,Yes,No,Insulated box,400,No,Yes,16340.0,2024-10-30,Delivered,1
SL00362,Batticaloa,Kandy,165,Three Wheeler,Same-Day,Rainy,1,3,WH008,Eastern,2500,No,No,Fresh Vegetables Crate,Groceries,20.0,168,25,Yes,No,Insulated box,400,No,Yes,8730.0,2024-04-28,Delayed,0
SL00363,Colombo,Kandy,115,Motorbike,Express,Rainy,1,1,WH001,Western,10000,Yes,Yes,Laptop,Electronics,2.5,244,50,Yes,No,Anti-static box with foam,600,Yes,No,4980.0,2024-04-05,Delivered,1
SL00364,Kurunegala,Anuradhapura,110,Van,Same-Day,Stormy,1,2,WH006,North Western,4000,Yes,No,Air Conditioner,Appliances,45.0,253,25,Yes,No,Wooden crate,1200,No,No,8990.0,2025-03-07,Delivered,0
SL00365,Gampaha,Negombo,27,Van,Same-Day,Rainy,1,1,WH002,Western,6000,Yes,No,Dining Table,Furniture,35.0,15,50,Yes,Yes,Corner guards and blankets,700,No,No,4750.0,2025-03-24,Delivered,1
SL00366,Negombo,Vavuniya,241,Van,Standard,Foggy,2,3,WH010,Western,4000,Yes,Yes,Dining Table,Furniture,35.0,0,100,No,Yes,Corner guards and blankets,700,No,No,7590.0,2025-02-25,Delayed,0
SL00367,Colombo,Jaffna,400,Van,Standard,Cloudy,3,3,WH001,Western,10000,Yes,Yes,Auto Spare Parts,Auto Parts,25.0,0,100,No,Yes,Reinforced carton,450,No,No,10920.0,2025-08-13,Delivered,1
SL00368,Kurunegala,Puttalam,108,Motorbike,Same-Day,Stormy,1,2,WH006,North Western,4000,Yes,No,Medicine Pack,Pharmacy,0.5,147,40,Yes,No,Sealed insulated pack,500,No,Yes,5510.0,2024-06-01,Delivered,0
SL00369,Negombo,Kandy,113,Lorry,Same-Day,Rainy,1,1,WH010,Western,4000,Yes,Yes,Furniture Set,Furniture,80.0,260,40,Yes,No,Corner guards and blankets,700,No,No,10220.0,2025-05-18,Delivered,1
SL00370,Galle,Badulla,183,Motorbike,Standard,Clear,2,2,WH004,Southern,4500,Yes,No,Mobile Phone,Electronics,0.3,301,100,Yes,No,Anti-static box with foam,600,Yes,No,4920.0,2024-08-28,Delivered,1
SL00371,Batticaloa,Kalutara,299,Van,Economy,Clear,4,4,WH008,Eastern,2500,No,No,Washing Machine,Appliances,40.0,248,25,Yes,No,Wooden crate,1200,No,No,8430.0,2024-01-19,Delivered,1
SL00372,Anuradhapura,Hambantota,332,Motorbike,Same-Day,Foggy,2,5,WH007,North Central,3000,No,No,Laptop,Electronics,2.5,66,50,Yes,No,Anti-static box with foam,600,Yes,No,14610.0,2024-07-30,Delayed,0
SL00373,Kurunegala,Nuwara Eliya,95,Van,Same-Day,Rainy,1,1,WH006,North Western,4000,Yes,No,Auto Spare Parts,Auto Parts,25.0,189,50,Yes,No,Reinforced carton,450,No,No,6500.0,2025-04-29,Failed,0
SL00374,Batticaloa,Jaffna,369,Van,Same-Day,Rainy,2,4,WH008,Eastern,2500,No,No,Air Conditioner,Appliances,45.0,0,25,No,Yes,Wooden crate,1200,No,No,19510.0,2025-01-17,Delayed,0
SL00375,Colombo,Trincomalee,260,Motorbike,Economy,Rainy,4,4,WH001,Western,10000,Yes,Yes,Laptop,Electronics,2.5,400,100,Yes,No,Anti-static box with foam,600,Yes,No,5240.0,2024-07-19,Delivered,1
SL00376,Gampaha,Nuwara Eliya,113,Three Wheeler,Express,Stormy,1,1,WH002,Western,6000,Yes,No,Ceramic Dinnerware Set,Fragile Items,6.0,117,100,Yes,No,Bubble wrap and double box,850,Yes,No,5030.0,2024-05-06,Delivered,1
SL00377,Batticaloa,Dambulla,151,Van,Express,Stormy,1,1,WH008,Eastern,2500,No,No,Auto Spare Parts,Auto Parts,25.0,0,100,No,Yes,Reinforced carton,450,No,No,6750.0,2025-08-22,Delivered,1
SL00378,Matara,Anuradhapura,341,Three Wheeler,Express,Rainy,2,2,WH009,Southern,3000,Yes,No,Frozen Food Pack,Groceries,15.0,11,50,Yes,Yes,Insulated box,400,No,Yes,12820.0,2025-05-31,Delivered,1
SL00379,Anuradhapura,Kegalle,153,Motorbike,Express,Cloudy,1,1,WH007,North Central,3000,No,No,Glass Vase Set,Fragile Items,4.0,195,25,Yes,No,Bubble wrap and double box,850,Yes,No,6500.0,2024-05-21,Delivered,1
SL00380,Negombo,Monaragala,222,Three Wheeler,Standard,Foggy,2,3,WH010,Western,4000,Yes,Yes,Cotton Clothing Bale,Clothing,8.0,384,100,Yes,No,Poly mailer bag,120,No,No,5410.0,2024-10-24,Delivered,0
SL00381,Kandy,Monaragala,119,Van,Express,Foggy,1,3,WH003,Central,5000,Yes,Yes,Air Conditioner,Appliances,45.0,346,25,Yes,No,Wooden crate,1200,No,No,7630.0,2025-08-19,Delayed,0
SL00382,Matara,Ratnapura,107,Three Wheeler,Economy,Clear,4,4,WH009,Southern,3000,Yes,No,Cotton Clothing Bale,Clothing,8.0,32,40,Yes,Yes,Poly mailer bag,120,No,No,2340.0,2024-02-27,Delivered,1
SL00383,Jaffna,Trincomalee,233,Three Wheeler,Standard,Cloudy,2,2,WH005,Northern,3500,No,No,Ceramic Dinnerware Set,Fragile Items,6.0,1,100,Yes,Yes,Bubble wrap and double box,850,Yes,No,6280.0,2025-07-08,Delivered,1
SL00384,Kurunegala,Kalutara,143,Three Wheeler,Same-Day,Foggy,1,2,WH006,North Western,4000,Yes,No,LED Television,Electronics,15.0,398,50,Yes,No,Anti-static box with foam,600,Yes,No,7890.0,2024-08-31,Delivered,0
SL00385,Jaffna,Monaragala,445,Motorbike,Same-Day,Stormy,2,2,WH005,Northern,3500,No,No,Documents Package,Documents,0.5,370,25,Yes,No,Padded envelope,150,No,No,19150.0,2024-07-26,Delivered,1
SL00386,Galle,Chilaw,232,Van,Standard,Foggy,2,3,WH004,Southern,4500,Yes,No,Auto Spare Parts,Auto Parts,25.0,328,20,Yes,No,Reinforced carton,450,No,No,6510.0,2025-04-04,Failed,0
SL00387,Gampaha,Anuradhapura,185,Van,Express,Foggy,1,1,WH002,Western,6000,Yes,No,Dining Table,Furniture,35.0,1,40,Yes,Yes,Corner guards and blankets,700,No,No,8180.0,2025-08-21,Delivered,1
SL00388,Colombo,Badulla,230,Three Wheeler,Economy,Rainy,4,4,WH001,Western,10000,Yes,Yes,Fresh Vegetables Crate,Groceries,20.0,0,25,No,Yes,Insulated box,400,No,Yes,4970.0,2024-11-04,Delivered,1
SL00389,Negombo,Ampara,264,Three Wheeler,Standard,Clear,2,2,WH010,Western,4000,Yes,Yes,Frozen Food Pack,Groceries,15.0,182,50,Yes,No,Insulated box,400,No,Yes,7550.0,2025-06-17,Delivered,1
SL00390,Matara,Anuradhapura,341,Van,Economy,Foggy,5,6,WH009,Southern,3000,Yes,No,Washing Machine,Appliances,40.0,67,25,Yes,No,Wooden crate,1200,No,No,8840.0,2024-12-05,Delivered,0
SL00391,Jaffna,Batticaloa,369,Van,Economy,Foggy,5,6,WH005,Northern,3500,No,No,Air Conditioner,Appliances,45.0,352,10,Yes,No,Wooden crate,1200,No,No,9220.0,2024-09-06,Delivered,0
SL00392,Kurunegala,Vavuniya,183,Three Wheeler,Same-Day,Stormy,1,2,WH006,North Western,4000,Yes,No,LED Television,Electronics,15.0,390,25,Yes,No,Anti-static box with foam,600,Yes,No,9850.0,2025-01-18,Delivered,0
SL00393,Matara,Kalutara,123,Motorbike,Economy,Clear,4,4,WH009,Southern,3000,Yes,No,Documents Package,Documents,0.5,353,20,Yes,No,Padded envelope,150,No,No,2600.0,2024-04-08,Delivered,1
SL00394,Matara,Ampara,254,Van,Same-Day,Clear,1,3,WH009,Southern,3000,Yes,No,Dining Table,Furniture,35.0,342,20,Yes,No,Corner guards and blankets,700,No,No,14270.0,2024-07-29,Delayed,0
SL00395,Anuradhapura,Chilaw,136,Lorry,Same-Day,Rainy,1,1,WH007,North Central,3000,No,No,Furniture Set,Furniture,80.0,0,100,No,Yes,Corner guards and blankets,700,No,No,11030.0,2024-03-16,Delivered,1
SL00396,Kandy,Kurunegala,42,Three Wheeler,Same-Day,Foggy,1,1,WH003,Central,5000,Yes,Yes,LED Television,Electronics,15.0,152,40,Yes,No,Anti-static box with foam,600,Yes,No,3740.0,2024-11-19,Delivered,1
SL00397,Anuradhapura,Dambulla,65,Lorry,Same-Day,Foggy,1,3,WH007,North Central,3000,No,No,Refrigerator,Appliances,55.0,0,100,No,Yes,Wooden crate,1200,No,No,7950.0,2024-03-15,Delayed,0
SL00398,Matara,Jaffna,541,Van,Standard,Cloudy,3,3,WH009,Southern,3000,Yes,No,Air Conditioner,Appliances,45.0,164,40,Yes,No,Wooden crate,1200,No,No,14910.0,2024-02-01,Delivered,1
SL00399,Kandy,Ampara,150,Three Wheeler,Express,Rainy,1,2,WH003,Central,5000,Yes,Yes,Frozen Food Pack,Groceries,15.0,299,25,Yes,No,Insulated box,400,No,Yes,6060.0,2025-01-17,Delayed,0
SL00400,Matara,Ampara,254,Lorry,Express,Clear,1,1,WH009,Southern,3000,Yes,No,Refrigerator,Appliances,55.0,0,50,No,Yes,Wooden crate,1200,No,No,12080.0,2025-07-14,Delivered,1
SL00401,Jaffna,Batticaloa,369,Van,Standard,Rainy,3,3,WH005,Northern,3500,No,No,Washing Machine,Appliances,40.0,350,50,Yes,No,Wooden crate,1200,No,No,10610.0,2024-08-14,Delivered,1
SL00402,Galle,Negombo,179,Three Wheeler,Express,Foggy,1,4,WH004,Southern,4500,Yes,No,Fresh Vegetables Crate,Groceries,20.0,301,40,Yes,No,Insulated box,400,No,Yes,7560.0,2024-09-13,Delayed,0
SL00403,Galle,Kilinochchi,487,Motorbike,Economy,Cloudy,5,5,WH004,Southern,4500,Yes,No,Laptop,Electronics,2.5,363,100,Yes,No,Anti-static box with foam,600,Yes,No,9050.0,2024-03-12,Delivered,1
SL00404,Kurunegala,Gampaha,78,Three Wheeler,Economy,Cloudy,4,4,WH006,North Western,4000,Yes,No,Ceramic Dinnerware Set,Fragile Items,6.0,176,100,Yes,No,Bubble wrap and double box,850,Yes,No,2530.0,2025-08-03,Delivered,1
SL00405,Kurunegala,Hambantota,226,Van,Express,Clear,1,1,WH006,North Western,4000,Yes,No,Air Conditioner,Appliances,45.0,133,100,Yes,No,Wooden crate,1200,No,No,11110.0,2024-10-10,Failed,0
SL00406,Kandy,Dambulla,72,Van,Standard,Stormy,2,2,WH003,Central,5000,Yes,Yes,Air Conditioner,Appliances,45.0,203,25,Yes,No,Wooden crate,1200,No,No,4490.0,2024-03-24,Delivered,1
SL00407,Kandy,Ampara,150,Three Wheeler,Express,Cloudy,1,2,WH003,Central,5000,Yes,Yes,Fresh Vegetables Crate,Groceries,20.0,340,10,Yes,No,Insulated box,400,No,Yes,6840.0,2025-06-03,Delayed,0
SL00408,Negombo,Polonnaruwa,196,Lorry,Economy,Foggy,4,4,WH010,Western,4000,Yes,Yes,Refrigerator,Appliances,55.0,38,50,Yes,Yes,Wooden crate,1200,No,No,6940.0,2025-04-28,Delivered,1
SL00409,Kurunegala,Vavuniya,183,Three Wheeler,Express,Foggy,1,1,WH006,North Western,4000,Yes,No,Office Chair,Furniture,12.0,168,20,Yes,No,Corner guards and blankets,700,No,No,7000.0,2025-01-07,Delivered,1
SL00410,Colombo,Dambulla,148,Motorbike,Express,Foggy,1,1,WH001,Western,10000,Yes,Yes,Documents Package,Documents,0.5,283,20,Yes,No,Padded envelope,150,No,No,5250.0,2025-08-02,Delivered,1
SL00411,Batticaloa,Nuwara Eliya,171,Three Wheeler,Same-Day,Rainy,1,1,WH008,Eastern,2500,No,No,Office Chair,Furniture,12.0,138,10,Yes,No,Corner guards and blankets,700,No,No,8700.0,2024-02-13,Delivered,1
SL00412,Matara,Nuwara Eliya,151,Three Wheeler,Economy,Stormy,4,6,WH009,Southern,3000,Yes,No,Ceramic Dinnerware Set,Fragile Items,6.0,43,10,Yes,No,Bubble wrap and double box,850,Yes,No,4210.0,2024-10-07,Delayed,0
SL00413,Negombo,Ampara,264,Three Wheeler,Express,Stormy,1,2,WH010,Western,4000,Yes,Yes,Fresh Vegetables Crate,Groceries,20.0,207,50,Yes,No,Insulated box,400,No,Yes,9860.0,2024-08-16,Delayed,0
SL00414,Anuradhapura,Nuwara Eliya,200,Motorbike,Standard,Stormy,2,3,WH007,North Central,3000,No,No,Documents Package,Documents,0.5,329,10,Yes,No,Padded envelope,150,No,No,4880.0,2024-08-23,Delivered,0
SL00415,Matara,Chilaw,258,Van,Standard,Rainy,2,2,WH009,Southern,3000,Yes,No,Washing Machine,Appliances,40.0,3,25,Yes,Yes,Wooden crate,1200,No,No,8920.0,2024-05-01,Delivered,1
SL00416,Anuradhapura,Badulla,212,Motorbike,Same-Day,Stormy,1,1,WH007,North Central,3000,No,No,Medicine Pack,Pharmacy,0.5,265,20,Yes,No,Sealed insulated pack,500,No,Yes,10000.0,2024-01-23,Delivered,1
SL00417,Colombo,Anuradhapura,205,Motorbike,Express,Rainy,1,1,WH001,Western,10000,Yes,Yes,Medicine Pack,Pharmacy,0.5,40,50,Yes,Yes,Sealed insulated pack,500,No,Yes,6880.0,2024-09-21,Delivered,1
SL00418,Matara,Vavuniya,404,Van,Same-Day,Cloudy,2,2,WH009,Southern,3000,Yes,No,Dining Table,Furniture,35.0,130,40,Yes,No,Corner guards and blankets,700,No,No,20980.0,2025-05-08,Delivered,1
SL00419,Galle,Hambantota,120,Van,Express,Foggy,1,4,WH004,Southern,4500,Yes,No,Dining Table,Furniture,35.0,113,50,Yes,No,Corner guards and blankets,700,No,No,6800.0,2024-12-16,Delayed,0
SL00420,Negombo,Polonnaruwa,196,Van,Same-Day,Rainy,1,1,WH010,Western,4000,Yes,Yes,Auto Spare Parts,Auto Parts,25.0,87,10,Yes,No,Reinforced carton,450,No,No,10000.0,2025-05-31,Delivered,1
SL00421,Kandy,Kegalle,40,Three Wheeler,Same-Day,Rainy,1,1,WH003,Central,5000,Yes,Yes,Cotton Clothing Bale,Clothing,8.0,334,50,Yes,No,Poly mailer bag,120,No,No,2920.0,2025-06-28,Delivered,1
SL00422,Gampaha,Galle,156,Motorbike,Economy,Rainy,4,4,WH002,Western,6000,Yes,No,Documents Package,Documents,0.5,296,10,Yes,No,Padded envelope,150,No,No,3260.0,2025-03-17,Failed,0
SL00423,Anuradhapura,Nuwara Eliya,200,Motorbike,Same-Day,Foggy,1,1,WH007,North Central,3000,No,No,Documents Package,Documents,0.5,266,40,Yes,No,Padded envelope,150,No,No,9020.0,2025-08-12,Delivered,1
SL00424,Anuradhapura,Negombo,178,Motorbike,Standard,Stormy,2,3,WH007,North Central,3000,No,No,Laptop,Electronics,2.5,62,25,Yes,No,Anti-static box with foam,600,Yes,No,4890.0,2024-07-12,Delivered,0
SL00425,Colombo,Polonnaruwa,225,Lorry,Same-Day,Foggy,1,2,WH001,Western,10000,Yes,Yes,Refrigerator,Appliances,55.0,0,100,No,Yes,Wooden crate,1200,No,No,13890.0,2025-01-05,Delivered,0
SL00426,Kandy,Hambantota,183,Motorbike,Standard,Cloudy,2,2,WH003,Central,5000,Yes,Yes,Laptop,Electronics,2.5,236,50,Yes,No,Anti-static box with foam,600,Yes,No,5140.0,2025-02-10,Delivered,1
SL00427,Anuradhapura,Ampara,234,Three Wheeler,Economy,Rainy,4,4,WH007,North Central,3000,No,No,Ceramic Dinnerware Set,Fragile Items,6.0,304,40,Yes,No,Bubble wrap and double box,850,Yes,No,5800.0,2025-08-14,Delivered,1
SL00428,Anuradhapura,Kilinochchi,157,Van,Express,Clear,1,1,WH007,North Central,3000,No,No,Air Conditioner,Appliances,45.0,248,100,Yes,No,Wooden crate,1200,No,No,8260.0,2025-06-04,Delivered,1
SL00429,Kurunegala,Ampara,191,Motorbike,Same-Day,Rainy,1,1,WH006,North Western,4000,Yes,No,Glass Vase Set,Fragile Items,4.0,345,10,Yes,No,Bubble wrap and double box,850,Yes,No,9710.0,2025-04-27,Delivered,1
SL00430,Gampaha,Galle,156,Three Wheeler,Standard,Rainy,2,4,WH002,Western,6000,Yes,No,Cotton Clothing Bale,Clothing,8.0,331,10,Yes,No,Poly mailer bag,120,No,No,4420.0,2025-02-14,Delayed,0
SL00431,Jaffna,Monaragala,445,Motorbike,Same-Day,Rainy,2,2,WH005,Northern,3500,No,No,Documents Package,Documents,0.5,244,10,Yes,No,Padded envelope,150,No,No,19430.0,2025-06-14,Delivered,1
SL00432,Galle,Kandy,225,Three Wheeler,Express,Foggy,1,2,WH004,Southern,4500,Yes,No,Books Bundle,Books,10.0,1,25,Yes,Yes,Corrugated box,200,No,No,8660.0,2024-03-29,Delivered,0
SL00433,Anuradhapura,Nuwara Eliya,200,Three Wheeler,Economy,Stormy,4,5,WH007,North Central,3000,No,No,Fresh Vegetables Crate,Groceries,20.0,285,10,Yes,No,Insulated box,400,No,Yes,5040.0,2025-07-16,Failed,0
SL00434,Matara,Polonnaruwa,295,Three Wheeler,Standard,Cloudy,2,2,WH009,Southern,3000,Yes,No,Books Bundle,Books,10.0,161,20,Yes,No,Corrugated box,200,No,No,7890.0,2025-04-10,Delivered,1
SL00435,Negombo,Colombo,38,Motorbike,Standard,Rainy,2,2,WH010,Western,4000,Yes,Yes,Glass Vase Set,Fragile Items,4.0,74,50,Yes,No,Bubble wrap and double box,850,Yes,No,2150.0,2024-12-14,Delivered,1
SL00436,Matara,Kurunegala,224,Motorbike,Standard,Stormy,2,2,WH009,Southern,3000,Yes,No,Laptop,Electronics,2.5,308,40,Yes,No,Anti-static box with foam,600,Yes,No,5840.0,2025-04-14,Failed,0
SL00437,Negombo,Colombo,38,Van,Economy,Clear,4,4,WH010,Western,4000,Yes,Yes,Auto Spare Parts,Auto Parts,25.0,215,100,Yes,No,Reinforced carton,450,No,No,2130.0,2024-08-23,Delivered,1
SL00438,Anuradhapura,Nuwara Eliya,200,Motorbike,Same-Day,Cloudy,1,4,WH007,North Central,3000,No,No,Mobile Phone,Electronics,0.3,67,40,Yes,No,Anti-static box with foam,600,Yes,No,9580.0,2024-03-18,Delayed,0
SL00439,Kandy,Gampaha,96,Lorry,Standard,Cloudy,2,2,WH003,Central,5000,Yes,Yes,Furniture Set,Furniture,80.0,313,25,Yes,No,Corner guards and blankets,700,No,No,6340.0,2024-07-13,Delivered,1
SL00440,Galle,Matara,45,Three Wheeler,Express,Cloudy,1,3,WH004,Southern,4500,Yes,No,Frozen Food Pack,Groceries,15.0,123,20,Yes,No,Insulated box,400,No,Yes,2830.0,2024-04-19,Delayed,0
SL00441,Gampaha,Dambulla,146,Motorbike,Economy,Foggy,4,5,WH002,Western,6000,Yes,No,Laptop,Electronics,2.5,0,50,No,Yes,Anti-static box with foam,600,Yes,No,3450.0,2024-11-18,Delivered,0
SL00442,Negombo,Kurunegala,84,Three Wheeler,Economy,Rainy,4,4,WH010,Western,4000,Yes,Yes,Frozen Food Pack,Groceries,15.0,281,25,Yes,No,Insulated box,400,No,Yes,2470.0,2025-08-13,Delivered,1
SL00443,Colombo,Puttalam,130,Three Wheeler,Economy,Stormy,4,4,WH001,Western,10000,Yes,Yes,Office Chair,Furniture,12.0,36,50,Yes,Yes,Corner guards and blankets,700,No,No,3690.0,2024-06-27,Delivered,1
SL00444,Gampaha,Monaragala,197,Van,Economy,Cloudy,4,4,WH002,Western,6000,Yes,No,Auto Spare Parts,Auto Parts,25.0,26,100,Yes,Yes,Reinforced carton,450,No,No,4820.0,2024-04-13,Delivered,1
SL00445,Kurunegala,Kegalle,34,Motorbike,Standard,Rainy,2,2,WH006,North Western,4000,Yes,No,Mobile Phone,Electronics,0.3,141,25,Yes,No,Anti-static box with foam,600,Yes,No,1780.0,2024-12-17,Delivered,1
SL00446,Kandy,Gampaha,96,Van,Economy,Rainy,4,4,WH003,Central,5000,Yes,Yes,Air Conditioner,Appliances,45.0,210,25,Yes,No,Wooden crate,1200,No,No,4300.0,2024-07-03,Delivered,1
SL00447,Negombo,Dambulla,149,Three Wheeler,Express,Clear,1,1,WH010,Western,4000,Yes,Yes,Office Chair,Furniture,12.0,140,50,Yes,No,Corner guards and blankets,700,No,No,6670.0,2024-07-19,Delivered,1
SL00448,Kandy,Gampaha,96,Three Wheeler,Same-Day,Rainy,1,1,WH003,Central,5000,Yes,Yes,Office Chair,Furniture,12.0,88,100,Yes,Yes,Corner guards and blankets,700,No,No,5880.0,2024-11-19,Delivered,1
SL00449,Jaffna,Kurunegala,317,Three Wheeler,Same-Day,Stormy,2,3,WH005,Northern,3500,No,No,Frozen Food Pack,Groceries,15.0,3,10,Yes,Yes,Insulated box,400,No,Yes,14540.0,2024-04-08,Delivered,0
SL00450,Kurunegala,Matara,224,Van,Standard,Cloudy,2,2,WH006,North Western,4000,Yes,No,Auto Spare Parts,Auto Parts,25.0,151,25,Yes,No,Reinforced carton,450,No,No,6540.0,2024-12-25,Delivered,1
SL00451,Negombo,Polonnaruwa,196,Three Wheeler,Express,Cloudy,1,1,WH010,Western,4000,Yes,Yes,Ceramic Dinnerware Set,Fragile Items,6.0,364,50,Yes,No,Bubble wrap and double box,850,Yes,No,7970.0,2025-04-02,Delivered,1
SL00452,Anuradhapura,Kegalle,153,Van,Standard,Stormy,2,4,WH007,North Central,3000,No,No,Washing Machine,Appliances,40.0,94,20,Yes,No,Wooden crate,1200,No,No,6430.0,2025-02-18,Delayed,0
SL00453,Gampaha,Anuradhapura,185,Van,Standard,Rainy,2,4,WH002,Western,6000,Yes,No,Washing Machine,Appliances,40.0,354,25,Yes,No,Wooden crate,1200,No,No,7140.0,2025-02-08,Delayed,0
SL00454,Batticaloa,Nuwara Eliya,171,Three Wheeler,Economy,Stormy,4,5,WH008,Eastern,2500,No,No,Fresh Vegetables Crate,Groceries,20.0,14,10,Yes,No,Insulated box,400,No,Yes,4350.0,2024-03-22,Delivered,0
SL00455,Kandy,Vavuniya,211,Three Wheeler,Same-Day,Clear,1,1,WH003,Central,5000,Yes,Yes,Ceramic Dinnerware Set,Fragile Items,6.0,15,40,Yes,Yes,Bubble wrap and double box,850,Yes,No,9590.0,2025-02-10,Delivered,1
SL00456,Gampaha,Jaffna,371,Motorbike,Standard,Foggy,3,3,WH002,Western,6000,Yes,No,Documents Package,Documents,0.5,11,40,Yes,Yes,Padded envelope,150,No,No,9000.0,2025-03-29,Delivered,1
SL00457,Kandy,Puttalam,156,Three Wheeler,Express,Clear,1,1,WH003,Central,5000,Yes,Yes,Office Chair,Furniture,12.0,0,25,No,Yes,Corner guards and blankets,700,No,No,6910.0,2025-04-23,Delivered,1
SL00458,Jaffna,Ampara,415,Lorry,Economy,Rainy,5,5,WH005,Northern,3500,No,No,Furniture Set,Furniture,80.0,377,50,Yes,No,Corner guards and blankets,700,No,No,10720.0,2025-04-12,Delivered,1
SL00459,Matara,Chilaw,258,Three Wheeler,Standard,Cloudy,2,2,WH009,Southern,3000,Yes,No,Cotton Clothing Bale,Clothing,8.0,136,10,Yes,No,Poly mailer bag,120,No,No,6270.0,2025-02-26,Delivered,1
SL00460,Kandy,Ratnapura,94,Three Wheeler,Same-Day,Clear,1,1,WH003,Central,5000,Yes,Yes,Fresh Vegetables Crate,Groceries,20.0,89,25,Yes,No,Insulated box,400,No,Yes,5960.0,2024-01-09,Delivered,1
SL00461,Batticaloa,Ratnapura,239,Three Wheeler,Same-Day,Stormy,1,1,WH008,Eastern,2500,No,No,Frozen Food Pack,Groceries,15.0,325,20,Yes,No,Insulated box,400,No,Yes,10970.0,2025-07-28,Delivered,1
SL00462,Anuradhapura,Matara,341,Three Wheeler,Express,Stormy,2,2,WH007,North Central,3000,No,No,Cotton Clothing Bale,Clothing,8.0,132,25,Yes,No,Poly mailer bag,120,No,No,11130.0,2024-10-05,Delivered,1
SL00463,Matara,Kurunegala,224,Three Wheeler,Economy,Rainy,4,4,WH009,Southern,3000,Yes,No,Books Bundle,Books,10.0,113,20,Yes,No,Corrugated box,200,No,No,4450.0,2025-04-11,Delivered,1
SL00464,Jaffna,Monaragala,445,Van,Economy,Rainy,5,5,WH005,Northern,3500,No,No,Auto Spare Parts,Auto Parts,25.0,97,10,Yes,No,Reinforced carton,450,No,No,8700.0,2024-04-14,Delivered,1
SL00465,Jaffna,Anuradhapura,195,Three Wheeler,Economy,Clear,4,4,WH005,Northern,3500,No,No,Books Bundle,Books,10.0,97,10,Yes,No,Corrugated box,200,No,No,4030.0,2025-03-06,Delivered,1
SL00466,Batticaloa,Nuwara Eliya,171,Three Wheeler,Economy,Clear,4,4,WH008,Eastern,2500,No,No,Books Bundle,Books,10.0,94,10,Yes,No,Corrugated box,200,No,No,3910.0,2024-03-14,Delivered,1
SL00467,Batticaloa,Anuradhapura,204,Lorry,Express,Cloudy,1,1,WH008,Eastern,2500,No,No,Furniture Set,Furniture,80.0,26,10,Yes,No,Corner guards and blankets,700,No,No,11780.0,2025-01-29,Failed,0
SL00468,Galle,Kilinochchi,487,Van,Same-Day,Rainy,2,3,WH004,Southern,4500,Yes,No,Auto Spare Parts,Auto Parts,25.0,68,50,Yes,No,Reinforced carton,450,No,No,21990.0,2024-11-15,Delayed,0
SL00469,Kandy,Chilaw,126,Motorbike,Same-Day,Foggy,1,3,WH003,Central,5000,Yes,Yes,Mobile Phone,Electronics,0.3,149,40,Yes,No,Anti-static box with foam,600,Yes,No,6540.0,2024-08-11,Delayed,0
SL00470,Galle,Chilaw,232,Motorbike,Economy,Cloudy,4,4,WH004,Southern,4500,Yes,No,Laptop,Electronics,2.5,0,25,No,Yes,Anti-static box with foam,600,Yes,No,4780.0,2024-09-05,Delivered,1
SL00471,Colombo,Polonnaruwa,225,Lorry,Economy,Foggy,4,4,WH001,Western,10000,Yes,Yes,Refrigerator,Appliances,55.0,13,10,Yes,No,Wooden crate,1200,No,No,6610.0,2024-12-12,Delivered,1
SL00472,Colombo,Nuwara Eliya,180,Three Wheeler,Express,Foggy,1,1,WH001,Western,10000,Yes,Yes,LED Television,Electronics,15.0,84,40,Yes,No,Anti-static box with foam,600,Yes,No,7430.0,2024-12-21,Delivered,1
SL00473,Galle,Colombo,120,Van,Economy,Cloudy,4,4,WH004,Southern,4500,Yes,No,Auto Spare Parts,Auto Parts,25.0,148,10,Yes,No,Reinforced carton,450,No,No,3640.0,2025-07-26,Delivered,1
SL00474,Matara,Monaragala,176,Three Wheeler,Economy,Rainy,4,4,WH009,Southern,3000,Yes,No,Books Bundle,Books,10.0,298,25,Yes,No,Corrugated box,200,No,No,3980.0,2024-10-08,Delivered,1
SL00475,Kandy,Jaffna,335,Lorry,Express,Stormy,2,2,WH003,Central,5000,Yes,Yes,Furniture Set,Furniture,80.0,154,50,Yes,No,Corner guards and blankets,700,No,No,16100.0,2025-06-02,Delivered,1
SL00476,Kandy,Colombo,115,Motorbike,Standard,Foggy,2,6,WH003,Central,5000,Yes,Yes,Glass Vase Set,Fragile Items,4.0,389,10,Yes,No,Bubble wrap and double box,850,Yes,No,3690.0,2025-05-24,Delayed,0
SL00477,Kandy,Kegalle,40,Lorry,Standard,Cloudy,2,2,WH003,Central,5000,Yes,Yes,Furniture Set,Furniture,80.0,184,10,Yes,No,Corner guards and blankets,700,No,No,4740.0,2024-03-09,Delivered,1
SL00478,Kandy,Trincomalee,180,Three Wheeler,Same-Day,Rainy,1,1,WH003,Central,5000,Yes,Yes,LED Television,Electronics,15.0,4,10,Yes,Yes,Anti-static box with foam,600,Yes,No,9400.0,2025-02-01,Delivered,1
SL00479,Matara,Kegalle,189,Three Wheeler,Standard,Clear,2,2,WH009,Southern,3000,Yes,No,Frozen Food Pack,Groceries,15.0,330,100,Yes,No,Insulated box,400,No,Yes,5070.0,2024-08-01,Delivered,1
SL00480,Gampaha,Hambantota,214,Three Wheeler,Same-Day,Cloudy,1,2,WH002,Western,6000,Yes,No,Frozen Food Pack,Groceries,15.0,232,25,Yes,No,Insulated box,400,No,Yes,10930.0,2024-09-29,Delayed,0
SL00481,Colombo,Kilinochchi,360,Motorbike,Same-Day,Cloudy,2,2,WH001,Western,10000,Yes,Yes,Documents Package,Documents,0.5,4,50,Yes,Yes,Padded envelope,150,No,No,14290.0,2024-08-24,Delivered,1
SL00482,Anuradhapura,Batticaloa,204,Lorry,Express,Foggy,1,1,WH007,North Central,3000,No,No,Furniture Set,Furniture,80.0,311,100,Yes,No,Corner guards and blankets,700,No,No,11530.0,2024-04-18,Delivered,1
SL00483,Batticaloa,Monaragala,132,Van,Economy,Clear,4,4,WH008,Eastern,2500,No,No,Air Conditioner,Appliances,45.0,3,50,Yes,Yes,Wooden crate,1200,No,No,5080.0,2024-06-10,Delivered,1
SL00484,Negombo,Kalutara,92,Lorry,Standard,Cloudy,2,2,WH010,Western,4000,Yes,Yes,Furniture Set,Furniture,80.0,186,25,Yes,No,Corner guards and blankets,700,No,No,6100.0,2025-03-16,Delivered,1
SL00485,Negombo,Matara,208,Motorbike,Express,Stormy,1,1,WH010,Western,4000,Yes,Yes,Mobile Phone,Electronics,0.3,150,25,Yes,No,Anti-static box with foam,600,Yes,No,7410.0,2024-02-05,Delivered,1
SL00486,Negombo,Colombo,38,Three Wheeler,Express,Cloudy,1,1,WH010,Western,4000,Yes,Yes,Books Bundle,Books,10.0,0,20,No,Yes,Corrugated box,200,No,No,2420.0,2024-01-23,Delivered,1
SL00487,Matara,Puttalam,317,Three Wheeler,Express,Clear,2,2,WH009,Southern,3000,Yes,No,Fresh Vegetables Crate,Groceries,20.0,0,25,No,Yes,Insulated box,400,No,Yes,11090.0,2025-01-10,Delivered,1
SL00488,Galle,Kurunegala,212,Motorbike,Standard,Clear,2,3,WH004,Southern,4500,Yes,No,Medicine Pack,Pharmacy,0.5,311,20,Yes,No,Sealed insulated pack,500,No,Yes,5710.0,2025-05-09,Delayed,0
SL00489,Batticaloa,Monaragala,132,Van,Same-Day,Foggy,1,1,WH008,Eastern,2500,No,No,Dining Table,Furniture,35.0,39,100,Yes,Yes,Corner guards and blankets,700,No,No,9100.0,2024-12-08,Delivered,1
SL00490,Anuradhapura,Hambantota,332,Van,Same-Day,Rainy,2,5,WH007,North Central,3000,No,No,Air Conditioner,Appliances,45.0,328,10,Yes,No,Wooden crate,1200,No,No,17610.0,2024-11-08,Delayed,0
SL00491,Colombo,Badulla,230,Motorbike,Express,Cloudy,1,1,WH001,Western,10000,Yes,Yes,Documents Package,Documents,0.5,133,20,Yes,No,Padded envelope,150,No,No,7940.0,2025-02-06,Delivered,1
SL00492,Negombo,Polonnaruwa,196,Van,Same-Day,Rainy,1,1,WH010,Western,4000,Yes,Yes,Auto Spare Parts,Auto Parts,25.0,221,20,Yes,No,Reinforced carton,450,No,No,10190.0,2025-05-02,Delivered,1
SL00493,Matara,Vavuniya,404,Three Wheeler,Standard,Clear,3,3,WH009,Southern,3000,Yes,No,LED Television,Electronics,15.0,242,100,Yes,No,Anti-static box with foam,600,Yes,No,10790.0,2025-05-07,Delivered,1
SL00494,Galle,Gampaha,156,Lorry,Economy,Foggy,4,4,WH004,Southern,4500,Yes,No,Furniture Set,Furniture,80.0,10,100,Yes,Yes,Corner guards and blankets,700,No,No,5630.0,2025-03-16,Delivered,1
SL00495,Negombo,Galle,179,Motorbike,Same-Day,Stormy,1,1,WH010,Western,4000,Yes,Yes,Mobile Phone,Electronics,0.3,198,20,Yes,No,Anti-static box with foam,600,Yes,No,8510.0,2024-11-08,Delivered,1
SL00496,Kurunegala,Kegalle,34,Van,Economy,Foggy,4,5,WH006,North Western,4000,Yes,No,Dining Table,Furniture,35.0,1,20,Yes,Yes,Corner guards and blankets,700,No,No,2420.0,2024-03-28,Delivered,0
SL00497,Colombo,Matara,160,Motorbike,Express,Cloudy,1,1,WH001,Western,10000,Yes,Yes,Laptop,Electronics,2.5,0,100,No,Yes,Anti-static box with foam,600,Yes,No,5970.0,2025-04-27,Delivered,1
SL00498,Kurunegala,Trincomalee,199,Lorry,Express,Rainy,1,1,WH006,North Western,4000,Yes,No,Refrigerator,Appliances,55.0,152,50,Yes,No,Wooden crate,1200,No,No,10730.0,2024-05-24,Delivered,1
SL00499,Anuradhapura,Polonnaruwa,100,Lorry,Same-Day,Cloudy,1,4,WH007,North Central,3000,No,No,Refrigerator,Appliances,55.0,5,20,Yes,Yes,Wooden crate,1200,No,No,8960.0,2025-04-21,Delayed,0
SL00500,Gampaha,Nuwara Eliya,113,Lorry,Standard,Cloudy,2,4,WH002,Western,6000,Yes,No,Refrigerator,Appliances,55.0,29,25,Yes,No,Wooden crate,1200,No,No,5750.0,2025-01-24,Delayed,0
SL00501,Gampaha,Ratnapura,83,Motorbike,Economy,Foggy,4,5,WH002,Western,6000,Yes,No,Documents Package,Documents,0.5,115,20,Yes,No,Padded envelope,150,No,No,1900.0,2024-01-23,Delivered,0
SL00502,Galle,Puttalam,294,Three Wheeler,Standard,Cloudy,2,2,WH004,Southern,4500,Yes,No,LED Television,Electronics,15.0,100,10,Yes,No,Anti-static box with foam,600,Yes,No,8180.0,2024-12-29,Delivered,1
SL00503,Galle,Puttalam,294,Three Wheeler,Standard,Clear,2,2,WH004,Southern,4500,Yes,No,Books Bundle,Books,10.0,218,10,Yes,No,Corrugated box,200,No,No,7850.0,2024-08-18,Delivered,1
SL00504,Kurunegala,Vavuniya,183,Three Wheeler,Express,Clear,1,4,WH006,North Western,4000,Yes,No,Office Chair,Furniture,12.0,286,100,Yes,No,Corner guards and blankets,700,No,No,7610.0,2025-03-03,Delayed,0
SL00505,Negombo,Anuradhapura,178,Motorbike,Economy,Cloudy,4,4,WH010,Western,4000,Yes,Yes,Medicine Pack,Pharmacy,0.5,188,40,Yes,No,Sealed insulated pack,500,No,Yes,3730.0,2024-05-21,Delivered,1
SL00506,Galle,Anuradhapura,330,Lorry,Standard,Foggy,3,7,WH004,Southern,4500,Yes,No,Furniture Set,Furniture,80.0,240,20,Yes,No,Corner guards and blankets,700,No,No,10890.0,2025-07-24,Delayed,0
SL00507,Gampaha,Anuradhapura,185,Lorry,Standard,Rainy,2,2,WH002,Western,6000,Yes,No,Furniture Set,Furniture,80.0,183,40,Yes,No,Corner guards and blankets,700,No,No,7730.0,2024-10-07,Delivered,1
SL00508,Galle,Negombo,179,Three Wheeler,Express,Rainy,1,3,WH004,Southern,4500,Yes,No,Office Chair,Furniture,12.0,0,50,No,Yes,Corner guards and blankets,700,No,No,7400.0,2024-08-24,Delayed,0
SL00509,Galle,Dambulla,271,Motorbike,Same-Day,Cloudy,1,1,WH004,Southern,4500,Yes,No,Medicine Pack,Pharmacy,0.5,13,40,Yes,Yes,Sealed insulated pack,500,No,Yes,11920.0,2025-04-25,Delivered,1
SL00510,Kandy,Vavuniya,211,Van,Economy,Stormy,4,4,WH003,Central,5000,Yes,Yes,Air Conditioner,Appliances,45.0,4,20,Yes,Yes,Wooden crate,1200,No,No,6900.0,2024-10-03,Delivered,1
SL00511,Galle,Kilinochchi,487,Three Wheeler,Express,Rainy,2,4,WH004,Southern,4500,Yes,No,Cotton Clothing Bale,Clothing,8.0,15,40,Yes,Yes,Poly mailer bag,120,No,No,16510.0,2025-04-13,Delayed,0
SL00512,Anuradhapura,Vavuniya,75,Motorbike,Same-Day,Foggy,1,1,WH007,North Central,3000,No,No,Medicine Pack,Pharmacy,0.5,214,100,Yes,No,Sealed insulated pack,500,No,Yes,4330.0,2025-08-08,Delivered,1
SL00513,Matara,Chilaw,258,Lorry,Same-Day,Foggy,1,1,WH009,Southern,3000,Yes,No,Furniture Set,Furniture,80.0,8,10,Yes,Yes,Corner guards and blankets,700,No,No,16420.0,2024-02-10,Delivered,1
SL00514,Anuradhapura,Puttalam,91,Lorry,Same-Day,Rainy,1,1,WH007,North Central,3000,No,No,Furniture Set,Furniture,80.0,223,25,Yes,No,Corner guards and blankets,700,No,No,10440.0,2025-04-17,Failed,0
SL00515,Anuradhapura,Ratnapura,235,Van,Same-Day,Foggy,1,1,WH007,North Central,3000,No,No,Dining Table,Furniture,35.0,257,100,Yes,No,Corner guards and blankets,700,No,No,12880.0,2024-07-03,Delivered,1
SL00516,Kandy,Vavuniya,211,Lorry,Economy,Cloudy,4,4,WH003,Central,5000,Yes,Yes,Furniture Set,Furniture,80.0,111,40,Yes,No,Corner guards and blankets,700,No,No,7350.0,2024-07-25,Delivered,1
SL00517,Gampaha,Matara,182,Van,Standard,Rainy,2,2,WH002,Western,6000,Yes,No,Auto Spare Parts,Auto Parts,25.0,83,10,Yes,No,Reinforced carton,450,No,No,5850.0,2025-01-06,Delivered,1
SL00518,Matara,Monaragala,176,Van,Economy,Foggy,4,4,WH009,Southern,3000,Yes,No,Washing Machine,Appliances,40.0,101,40,Yes,No,Wooden crate,1200,No,No,5930.0,2024-12-09,Delivered,1
SL00519,Kandy,Anuradhapura,140,Three Wheeler,Express,Clear,1,1,WH003,Central,5000,Yes,Yes,Office Chair,Furniture,12.0,178,100,Yes,No,Corner guards and blankets,700,No,No,6470.0,2024-10-22,Failed,0
SL00520,Gampaha,Negombo,27,Van,Express,Clear,1,1,WH002,Western,6000,Yes,No,Dining Table,Furniture,35.0,149,10,Yes,No,Corner guards and blankets,700,No,No,3700.0,2025-05-25,Delivered,1
SL00521,Colombo,Kegalle,78,Lorry,Economy,Rainy,4,4,WH001,Western,10000,Yes,Yes,Furniture Set,Furniture,80.0,357,40,Yes,No,Corner guards and blankets,700,No,No,4540.0,2024-03-22,Delivered,1
SL00522,Galle,Ampara,278,Lorry,Standard,Foggy,2,2,WH004,Southern,4500,Yes,No,Refrigerator,Appliances,55.0,126,10,Yes,No,Wooden crate,1200,No,No,9840.0,2024-02-07,Delivered,1
SL00523,Colombo,Dambulla,148,Three Wheeler,Standard,Cloudy,2,2,WH001,Western,10000,Yes,Yes,Office Chair,Furniture,12.0,45,10,Yes,No,Corner guards and blankets,700,No,No,5050.0,2024-06-14,Delivered,1
SL00524,Negombo,Dambulla,149,Three Wheeler,Express,Stormy,1,2,WH010,Western,4000,Yes,Yes,Books Bundle,Books,10.0,204,10,Yes,No,Corrugated box,200,No,No,5610.0,2025-01-23,Delivered,0
SL00525,Anuradhapura,Ampara,234,Van,Same-Day,Cloudy,1,1,WH007,North Central,3000,No,No,Washing Machine,Appliances,40.0,82,100,Yes,Yes,Wooden crate,1200,No,No,13340.0,2025-02-27,Delivered,1
SL00526,Galle,Monaragala,202,Motorbike,Express,Foggy,1,4,WH004,Southern,4500,Yes,No,Documents Package,Documents,0.5,0,50,No,Yes,Padded envelope,150,No,No,6490.0,2024-10-21,Delayed,0
SL00527,Negombo,Badulla,177,Three Wheeler,Standard,Foggy,2,3,WH010,Western,4000,Yes,Yes,Cotton Clothing Bale,Clothing,8.0,339,25,Yes,No,Poly mailer bag,120,No,No,4640.0,2025-05-24,Delivered,0
SL00528,Kandy,Kegalle,40,Three Wheeler,Express,Cloudy,1,1,WH003,Central,5000,Yes,Yes,Frozen Food Pack,Groceries,15.0,20,10,Yes,No,Insulated box,400,No,Yes,2800.0,2024-04-30,Delivered,1
SL00529,Negombo,Hambantota,242,Three Wheeler,Economy,Clear,4,4,WH010,Western,4000,Yes,Yes,Ceramic Dinnerware Set,Fragile Items,6.0,306,100,Yes,No,Bubble wrap and double box,850,Yes,No,5190.0,2024-07-25,Delivered,1
SL00530,Jaffna,Galle,525,Three Wheeler,Standard,Cloudy,3,3,WH005,Northern,3500,No,No,Books Bundle,Books,10.0,185,10,Yes,No,Corrugated box,200,No,No,12850.0,2024-12-15,Delivered,1
SL00531,Negombo,Kegalle,73,Motorbike,Same-Day,Rainy,1,3,WH010,Western,4000,Yes,Yes,Glass Vase Set,Fragile Items,4.0,14,25,Yes,Yes,Bubble wrap and double box,850,Yes,No,4840.0,2024-02-06,Delayed,0
SL00532,Batticaloa,Negombo,276,Three Wheeler,Economy,Foggy,4,4,WH008,Eastern,2500,No,No,Office Chair,Furniture,12.0,256,40,Yes,No,Corner guards and blankets,700,No,No,6210.0,2025-08-01,Failed,0
SL00533,Matara,Ampara,254,Motorbike,Same-Day,Rainy,1,1,WH009,Southern,3000,Yes,No,Mobile Phone,Electronics,0.3,189,25,Yes,No,Anti-static box with foam,600,Yes,No,12070.0,2024-10-14,Delivered,1
SL00534,Kurunegala,Vavuniya,183,Lorry,Express,Foggy,1,2,WH006,North Western,4000,Yes,No,Refrigerator,Appliances,55.0,115,50,Yes,No,Wooden crate,1200,No,No,10400.0,2024-11-18,Delivered,0
SL00535,Jaffna,Hambantota,535,Three Wheeler,Same-Day,Stormy,2,2,WH005,Northern,3500,No,No,LED Television,Electronics,15.0,210,40,Yes,No,Anti-static box with foam,600,Yes,No,22860.0,2024-04-24,Delivered,1
SL00536,Colombo,Batticaloa,310,Van,Same-Day,Stormy,2,2,WH001,Western,10000,Yes,Yes,Air Conditioner,Appliances,45.0,267,50,Yes,No,Wooden crate,1200,No,No,18020.0,2025-06-20,Delivered,1
SL00537,Kurunegala,Negombo,84,Three Wheeler,Same-Day,Foggy,1,2,WH006,North Western,4000,Yes,No,Books Bundle,Books,10.0,87,20,Yes,No,Corrugated box,200,No,No,4880.0,2025-06-18,Delayed,0
SL00538,Colombo,Ratnapura,100,Motorbike,Same-Day,Foggy,1,1,WH001,Western,10000,Yes,Yes,Laptop,Electronics,2.5,190,40,Yes,No,Anti-static box with foam,600,Yes,No,5510.0,2024-11-15,Delivered,1
SL00539,Negombo,Ratnapura,111,Lorry,Express,Cloudy,1,1,WH010,Western,4000,Yes,Yes,Refrigerator,Appliances,55.0,166,25,Yes,No,Wooden crate,1200,No,No,7620.0,2025-03-27,Delivered,1
SL00540,Jaffna,Anuradhapura,195,Motorbike,Express,Cloudy,1,1,WH005,Northern,3500,No,No,Laptop,Electronics,2.5,10,50,Yes,Yes,Anti-static box with foam,600,Yes,No,6820.0,2025-07-09,Delivered,1
SL00541,Matara,Badulla,167,Van,Standard,Rainy,2,2,WH009,Southern,3000,Yes,No,Air Conditioner,Appliances,45.0,165,50,Yes,No,Wooden crate,1200,No,No,6510.0,2024-11-14,Delivered,1
SL00542,Matara,Kalutara,123,Motorbike,Same-Day,Rainy,1,1,WH009,Southern,3000,Yes,No,Mobile Phone,Electronics,0.3,0,100,No,Yes,Anti-static box with foam,600,Yes,No,5760.0,2024-02-25,Delivered,1
SL00543,Anuradhapura,Vavuniya,75,Van,Express,Foggy,1,4,WH007,North Central,3000,No,No,Washing Machine,Appliances,40.0,342,100,Yes,No,Wooden crate,1200,No,No,5790.0,2024-07-21,Delayed,0
SL00544,Gampaha,Hambantota,214,Lorry,Express,Clear,1,1,WH002,Western,6000,Yes,No,Furniture Set,Furniture,80.0,377,40,Yes,No,Corner guards and blankets,700,No,No,11680.0,2025-04-21,Delivered,1
SL00545,Galle,Matara,45,Three Wheeler,Express,Foggy,1,2,WH004,Southern,4500,Yes,No,Frozen Food Pack,Groceries,15.0,206,40,Yes,No,Insulated box,400,No,Yes,3040.0,2024-11-28,Delivered,0
SL00546,Batticaloa,Colombo,310,Van,Same-Day,Stormy,2,2,WH008,Eastern,2500,No,No,Auto Spare Parts,Auto Parts,25.0,8,40,Yes,Yes,Reinforced carton,450,No,No,14670.0,2025-08-11,Delivered,1
SL00547,Matara,Jaffna,541,Three Wheeler,Economy,Clear,5,5,WH009,Southern,3000,Yes,No,Office Chair,Furniture,12.0,352,10,Yes,No,Corner guards and blankets,700,No,No,10960.0,2025-02-14,Delivered,1
SL00548,Galle,Kegalle,177,Three Wheeler,Express,Foggy,1,1,WH004,Southern,4500,Yes,No,Cotton Clothing Bale,Clothing,8.0,8,40,Yes,Yes,Poly mailer bag,120,No,No,6730.0,2025-03-17,Delivered,1
SL00549,Negombo,Badulla,177,Three Wheeler,Express,Rainy,1,4,WH010,Western,4000,Yes,Yes,Cotton Clothing Bale,Clothing,8.0,59,100,Yes,Yes,Poly mailer bag,120,No,No,6750.0,2024-04-27,Delayed,0
SL00550,Kurunegala,Ampara,191,Van,Same-Day,Stormy,1,1,WH006,North Western,4000,Yes,No,Auto Spare Parts,Auto Parts,25.0,7,10,Yes,Yes,Reinforced carton,450,No,No,10680.0,2025-01-23,Delivered,1
SL00551,Batticaloa,Chilaw,272,Motorbike,Same-Day,Clear,1,1,WH008,Eastern,2500,No,No,Mobile Phone,Electronics,0.3,91,50,Yes,No,Anti-static box with foam,600,Yes,No,12280.0,2024-01-01,Failed,0
SL00552,Kandy,Kalutara,140,Three Wheeler,Standard,Stormy,2,3,WH003,Central,5000,Yes,Yes,Office Chair,Furniture,12.0,248,20,Yes,No,Corner guards and blankets,700,No,No,4430.0,2025-08-06,Delivered,0
SL00553,Anuradhapura,Monaragala,248,Three Wheeler,Standard,Clear,2,2,WH007,North Central,3000,No,No,Books Bundle,Books,10.0,333,50,Yes,No,Corrugated box,200,No,No,6680.0,2024-10-28,Delivered,1
SL00554,Kurunegala,Ampara,191,Three Wheeler,Same-Day,Clear,1,1,WH006,North Western,4000,Yes,No,LED Television,Electronics,15.0,203,10,Yes,No,Anti-static box with foam,600,Yes,No,10240.0,2024-08-28,Delivered,1
SL00555,Negombo,Vavuniya,241,Three Wheeler,Standard,Stormy,2,3,WH010,Western,4000,Yes,Yes,Cotton Clothing Bale,Clothing,8.0,242,50,Yes,No,Poly mailer bag,120,No,No,6040.0,2024-07-11,Delivered,0
SL00556,Anuradhapura,Nuwara Eliya,200,Lorry,Economy,Rainy,4,4,WH007,North Central,3000,No,No,Furniture Set,Furniture,80.0,363,20,Yes,No,Corner guards and blankets,700,No,No,6310.0,2024-01-17,Delivered,1
SL00557,Batticaloa,Dambulla,151,Three Wheeler,Economy,Rainy,4,4,WH008,Eastern,2500,No,No,Office Chair,Furniture,12.0,11,40,Yes,Yes,Corner guards and blankets,700,No,No,4190.0,2025-03-11,Delivered,1
SL00558,Batticaloa,Puttalam,271,Van,Economy,Foggy,4,4,WH008,Eastern,2500,No,No,Dining Table,Furniture,35.0,216,25,Yes,No,Corner guards and blankets,700,No,No,6850.0,2025-08-14,Delivered,1
SL00559,Galle,Monaragala,202,Three Wheeler,Standard,Stormy,2,3,WH004,Southern,4500,Yes,No,Frozen Food Pack,Groceries,15.0,315,25,Yes,No,Insulated box,400,No,Yes,5780.0,2025-01-12,Delivered,0
SL00560,Negombo,Gampaha,27,Motorbike,Same-Day,Rainy,1,1,WH010,Western,4000,Yes,Yes,Laptop,Electronics,2.5,289,25,Yes,No,Anti-static box with foam,600,Yes,No,2400.0,2025-06-19,Delivered,1
SL00561,Galle,Gampaha,156,Van,Same-Day,Foggy,1,2,WH004,Southern,4500,Yes,No,Washing Machine,Appliances,40.0,179,50,Yes,No,Wooden crate,1200,No,No,10590.0,2024-01-12,Delivered,0
SL00562,Batticaloa,Puttalam,271,Three Wheeler,Economy,Foggy,4,4,WH008,Eastern,2500,No,No,Frozen Food Pack,Groceries,15.0,235,25,Yes,No,Insulated box,400,No,Yes,5510.0,2024-11-07,Delivered,1
SL00563,Colombo,Chilaw,80,Three Wheeler,Economy,Foggy,4,5,WH001,Western,10000,Yes,Yes,Fresh Vegetables Crate,Groceries,20.0,1,100,Yes,Yes,Insulated box,400,No,Yes,2680.0,2024-10-20,Delivered,0
SL00564,Gampaha,Negombo,27,Three Wheeler,Same-Day,Cloudy,1,1,WH002,Western,6000,Yes,No,Frozen Food Pack,Groceries,15.0,335,25,Yes,No,Insulated box,400,No,Yes,3130.0,2024-01-15,Delivered,1
SL00565,Negombo,Trincomalee,279,Motorbike,Express,Stormy,1,2,WH010,Western,4000,Yes,Yes,Laptop,Electronics,2.5,109,25,Yes,No,Anti-static box with foam,600,Yes,No,10240.0,2024-02-03,Delayed,0
SL00566,Gampaha,Negombo,27,Motorbike,Express,Stormy,1,2,WH002,Western,6000,Yes,No,Mobile Phone,Electronics,0.3,231,40,Yes,No,Anti-static box with foam,600,Yes,No,1940.0,2024-06-20,Delivered,0
SL00567,Negombo,Kilinochchi,326,Three Wheeler,Standard,Clear,3,3,WH010,Western,4000,Yes,Yes,Ceramic Dinnerware Set,Fragile Items,6.0,79,10,Yes,No,Bubble wrap and double box,850,Yes,No,8570.0,2025-05-02,Delivered,1
SL00568,Batticaloa,Kilinochchi,305,Three Wheeler,Express,Stormy,2,2,WH008,Eastern,2500,No,No,Books Bundle,Books,10.0,219,40,Yes,No,Corrugated box,200,No,No,11150.0,2024-01-13,Delivered,1
SL00569,Batticaloa,Vavuniya,227,Three Wheeler,Standard,Foggy,2,3,WH008,Eastern,2500,No,No,Books Bundle,Books,10.0,41,10,Yes,No,Corrugated box,200,No,No,6280.0,2025-03-18,Delivered,0
SL00570,Kurunegala,Matara,224,Three Wheeler,Standard,Clear,2,2,WH006,North Western,4000,Yes,No,Fresh Vegetables Crate,Groceries,20.0,319,40,Yes,No,Insulated box,400,No,Yes,6630.0,2024-09-04,Delivered,1
SL00571,Matara,Badulla,167,Three Wheeler,Express,Cloudy,1,1,WH009,Southern,3000,Yes,No,Ceramic Dinnerware Set,Fragile Items,6.0,364,10,Yes,No,Bubble wrap and double box,850,Yes,No,6320.0,2024-04-10,Delivered,1
SL00572,Gampaha,Dambulla,146,Motorbike,Economy,Cloudy,4,4,WH002,Western,6000,Yes,No,Documents Package,Documents,0.5,165,25,Yes,No,Padded envelope,150,No,No,2810.0,2024-04-04,Delivered,1
SL00573,Negombo,Dambulla,149,Three Wheeler,Express,Foggy,1,2,WH010,Western,4000,Yes,Yes,LED Television,Electronics,15.0,382,10,Yes,No,Anti-static box with foam,600,Yes,No,6080.0,2025-08-02,Delivered,0
SL00574,Gampaha,Monaragala,197,Van,Express,Cloudy,1,3,WH002,Western,6000,Yes,No,Dining Table,Furniture,35.0,358,10,Yes,No,Corner guards and blankets,700,No,No,9520.0,2024-10-10,Delayed,0
SL00575,Kurunegala,Matara,224,Three Wheeler,Express,Clear,1,1,WH006,North Western,4000,Yes,No,Cotton Clothing Bale,Clothing,8.0,51,40,Yes,No,Poly mailer bag,120,No,No,7730.0,2024-03-02,Delivered,1
SL00576,Jaffna,Trincomalee,233,Three Wheeler,Economy,Clear,4,4,WH005,Northern,3500,No,No,Fresh Vegetables Crate,Groceries,20.0,122,50,Yes,No,Insulated box,400,No,Yes,5120.0,2025-05-18,Delivered,1
SL00577,Kandy,Ampara,150,Motorbike,Economy,Rainy,4,6,WH003,Central,5000,Yes,Yes,Laptop,Electronics,2.5,74,40,Yes,No,Anti-static box with foam,600,Yes,No,3390.0,2024-03-15,Delayed,0
SL00578,Negombo,Kilinochchi,326,Van,Standard,Stormy,3,4,WH010,Western,4000,Yes,Yes,Washing Machine,Appliances,40.0,0,40,No,Yes,Wooden crate,1200,No,No,9470.0,2024-02-08,Delivered,0
SL00579,Jaffna,Anuradhapura,195,Motorbike,Standard,Stormy,2,2,WH005,Northern,3500,No,No,Glass Vase Set,Fragile Items,4.0,283,100,Yes,No,Bubble wrap and double box,850,Yes,No,5590.0,2024-03-12,Failed,0
SL00580,Galle,Colombo,120,Lorry,Economy,Stormy,4,5,WH004,Southern,4500,Yes,No,Furniture Set,Furniture,80.0,9,25,Yes,Yes,Corner guards and blankets,700,No,No,5270.0,2024-04-02,Delivered,0
SL00581,Matara,Badulla,167,Van,Same-Day,Stormy,1,1,WH009,Southern,3000,Yes,No,Air Conditioner,Appliances,45.0,168,100,Yes,No,Wooden crate,1200,No,No,10580.0,2025-01-28,Delivered,1
SL00582,Jaffna,Monaragala,445,Three Wheeler,Economy,Clear,5,5,WH005,Northern,3500,No,No,Ceramic Dinnerware Set,Fragile Items,6.0,203,40,Yes,No,Bubble wrap and double box,850,Yes,No,9670.0,2025-03-24,Delivered,1
SL00583,Kandy,Galle,225,Three Wheeler,Express,Clear,1,1,WH003,Central,5000,Yes,Yes,Ceramic Dinnerware Set,Fragile Items,6.0,323,20,Yes,No,Bubble wrap and double box,850,Yes,No,8450.0,2025-07-07,Delivered,1
SL00584,Batticaloa,Ampara,100,Three Wheeler,Economy,Clear,4,4,WH008,Eastern,2500,No,No,Books Bundle,Books,10.0,0,10,No,Yes,Corrugated box,200,No,No,2600.0,2024-02-13,Delivered,1
SL00585,Gampaha,Trincomalee,278,Motorbike,Economy,Foggy,4,4,WH002,Western,6000,Yes,No,Glass Vase Set,Fragile Items,4.0,10,20,Yes,Yes,Bubble wrap and double box,850,Yes,No,5850.0,2024-01-20,Delivered,1
SL00586,Negombo,Kandy,113,Three Wheeler,Express,Rainy,1,1,WH010,Western,4000,Yes,Yes,Frozen Food Pack,Groceries,15.0,0,100,No,Yes,Insulated box,400,No,Yes,5370.0,2024-04-09,Delivered,1
SL00587,Negombo,Trincomalee,279,Van,Same-Day,Clear,1,1,WH010,Western,4000,Yes,Yes,Auto Spare Parts,Auto Parts,25.0,10,50,Yes,Yes,Reinforced carton,450,No,No,12920.0,2024-07-26,Delivered,1
SL00588,Kurunegala,Kilinochchi,276,Three Wheeler,Economy,Cloudy,4,4,WH006,North Western,4000,Yes,No,Cotton Clothing Bale,Clothing,8.0,11,50,Yes,Yes,Poly mailer bag,120,No,No,5220.0,2024-08-06,Delivered,1
SL00589,Negombo,Trincomalee,279,Three Wheeler,Standard,Clear,2,2,WH010,Western,4000,Yes,Yes,LED Television,Electronics,15.0,3,40,Yes,Yes,Anti-static box with foam,600,Yes,No,7850.0,2025-07-20,Delivered,1
SL00590,Batticaloa,Matara,305,Van,Same-Day,Rainy,2,4,WH008,Eastern,2500,No,No,Dining Table,Furniture,35.0,14,100,Yes,Yes,Corner guards and blankets,700,No,No,16280.0,2024-01-17,Delayed,0
SL00591,Gampaha,Colombo,33,Three Wheeler,Same-Day,Rainy,1,1,WH002,Western,6000,Yes,No,Frozen Food Pack,Groceries,15.0,381,100,Yes,No,Insulated box,400,No,Yes,3400.0,2025-03-02,Delivered,1
SL00592,Kandy,Batticaloa,165,Three Wheeler,Express,Cloudy,1,1,WH003,Central,5000,Yes,Yes,Frozen Food Pack,Groceries,15.0,230,20,Yes,No,Insulated box,400,No,Yes,6810.0,2024-02-08,Delivered,1
SL00593,Batticaloa,Kegalle,205,Van,Same-Day,Cloudy,1,1,WH008,Eastern,2500,No,No,Dining Table,Furniture,35.0,22,50,Yes,Yes,Corner guards and blankets,700,No,No,11180.0,2025-06-26,Delivered,1
SL00594,Negombo,Nuwara Eliya,137,Motorbike,Express,Stormy,1,1,WH010,Western,4000,Yes,Yes,Laptop,Electronics,2.5,357,20,Yes,No,Anti-static box with foam,600,Yes,No,5120.0,2024-06-01,Delivered,1
SL00595,Batticaloa,Anuradhapura,204,Three Wheeler,Express,Clear,1,1,WH008,Eastern,2500,No,No,Frozen Food Pack,Groceries,15.0,0,25,No,Yes,Insulated box,400,No,Yes,7600.0,2024-09-14,Delivered,1
SL00596,Negombo,Kalutara,92,Motorbike,Same-Day,Clear,1,1,WH010,Western,4000,Yes,Yes,Mobile Phone,Electronics,0.3,295,20,Yes,No,Anti-static box with foam,600,Yes,No,5040.0,2025-05-11,Delivered,1
SL00597,Gampaha,Galle,156,Motorbike,Express,Stormy,1,2,WH002,Western,6000,Yes,No,Documents Package,Documents,0.5,186,40,Yes,No,Padded envelope,150,No,No,5750.0,2024-08-23,Delivered,0
SL00598,Kurunegala,Batticaloa,194,Motorbike,Same-Day,Rainy,1,1,WH006,North Western,4000,Yes,No,Laptop,Electronics,2.5,122,40,Yes,No,Anti-static box with foam,600,Yes,No,8530.0,2025-08-22,Delivered,1
SL00599,Colombo,Hambantota,240,Three Wheeler,Express,Rainy,1,1,WH001,Western,10000,Yes,Yes,Frozen Food Pack,Groceries,15.0,252,20,Yes,No,Insulated box,400,No,Yes,8880.0,2025-04-13,Delivered,1
SL00600,Kurunegala,Matara,224,Three Wheeler,Express,Cloudy,1,1,WH006,North Western,4000,Yes,No,Ceramic Dinnerware Set,Fragile Items,6.0,12,50,Yes,Yes,Bubble wrap and double box,850,Yes,No,8290.0,2024-04-23,Delivered,1
SL00601,Batticaloa,Hambantota,245,Van,Express,Cloudy,1,1,WH008,Eastern,2500,No,No,Auto Spare Parts,Auto Parts,25.0,171,50,Yes,No,Reinforced carton,450,No,No,10130.0,2024-06-23,Delivered,1
SL00602,Galle,Jaffna,525,Lorry,Economy,Foggy,5,6,WH004,Southern,4500,Yes,No,Furniture Set,Furniture,80.0,130,50,Yes,No,Corner guards and blankets,700,No,No,12160.0,2025-03-14,Delivered,0
SL00603,Galle,Badulla,183,Motorbike,Economy,Foggy,4,5,WH004,Southern,4500,Yes,No,Medicine Pack,Pharmacy,0.5,322,20,Yes,No,Sealed insulated pack,500,No,Yes,3970.0,2024-02-15,Delivered,0
SL00604,Batticaloa,Kilinochchi,305,Three Wheeler,Same-Day,Stormy,2,2,WH008,Eastern,2500,No,No,LED Television,Electronics,15.0,265,100,Yes,No,Anti-static box with foam,600,Yes,No,13790.0,2025-07-25,Delivered,1
SL00605,Anuradhapura,Batticaloa,204,Lorry,Express,Cloudy,1,1,WH007,North Central,3000,No,No,Refrigerator,Appliances,55.0,351,10,Yes,No,Wooden crate,1200,No,No,10670.0,2024-11-08,Delivered,1
SL00606,Batticaloa,Polonnaruwa,100,Van,Same-Day,Stormy,1,1,WH008,Eastern,2500,No,No,Dining Table,Furniture,35.0,90,100,Yes,Yes,Corner guards and blankets,700,No,No,7860.0,2025-04-20,Delivered,1
SL00607,Gampaha,Nuwara Eliya,113,Lorry,Standard,Foggy,2,2,WH002,Western,6000,Yes,No,Refrigerator,Appliances,55.0,0,40,No,Yes,Wooden crate,1200,No,No,6340.0,2025-07-09,Failed,0
SL00608,Gampaha,Kegalle,56,Three Wheeler,Standard,Clear,2,2,WH002,Western,6000,Yes,No,Ceramic Dinnerware Set,Fragile Items,6.0,365,25,Yes,No,Bubble wrap and double box,850,Yes,No,2480.0,2025-01-09,Delivered,1
SL00609,Negombo,Kandy,113,Van,Standard,Cloudy,2,2,WH010,Western,4000,Yes,Yes,Auto Spare Parts,Auto Parts,25.0,9,100,Yes,Yes,Reinforced carton,450,No,No,4190.0,2024-07-28,Delivered,1
SL00610,Kurunegala,Batticaloa,194,Three Wheeler,Same-Day,Stormy,1,2,WH006,North Western,4000,Yes,No,Office Chair,Furniture,12.0,317,100,Yes,No,Corner guards and blankets,700,No,No,10130.0,2024-11-24,Delivered,0
SL00611,Jaffna,Puttalam,237,Van,Economy,Cloudy,4,4,WH005,Northern,3500,No,No,Air Conditioner,Appliances,45.0,0,25,No,Yes,Wooden crate,1200,No,No,6890.0,2025-05-28,Delivered,1
SL00612,Gampaha,Kalutara,73,Motorbike,Standard,Stormy,2,2,WH002,Western,6000,Yes,No,Documents Package,Documents,0.5,364,100,Yes,No,Padded envelope,150,No,No,2210.0,2024-03-30,Delivered,1
SL00613,Anuradhapura,Trincomalee,105,Van,Standard,Clear,2,3,WH007,North Central,3000,No,No,Washing Machine,Appliances,40.0,5,10,Yes,Yes,Wooden crate,1200,No,No,5260.0,2024-07-28,Delayed,0
SL00614,Colombo,Ratnapura,100,Motorbike,Economy,Foggy,4,4,WH001,Western,10000,Yes,Yes,Documents Package,Documents,0.5,262,25,Yes,No,Padded envelope,150,No,No,2230.0,2024-10-25,Delivered,1
SL00615,Gampaha,Colombo,33,Three Wheeler,Express,Foggy,1,2,WH002,Western,6000,Yes,No,Ceramic Dinnerware Set,Fragile Items,6.0,230,50,Yes,No,Bubble wrap and double box,850,Yes,No,2710.0,2025-05-12,Delivered,0
SL00616,Matara,Kalutara,123,Motorbike,Economy,Cloudy,4,4,WH009,Southern,3000,Yes,No,Documents Package,Documents,0.5,176,20,Yes,No,Padded envelope,150,No,No,2500.0,2025-01-15,Delivered,1
SL00617,Colombo,Anuradhapura,205,Three Wheeler,Standard,Cloudy,2,2,WH001,Western,10000,Yes,Yes,Books Bundle,Books,10.0,105,50,Yes,No,Corrugated box,200,No,No,5570.0,2024-10-19,Delivered,1
SL00618,Kandy,Monaragala,119,Van,Express,Rainy,1,1,WH003,Central,5000,Yes,Yes,Dining Table,Furniture,35.0,41,25,Yes,No,Corner guards and blankets,700,No,No,6230.0,2024-09-23,Delivered,1
SL00619,Kandy,Batticaloa,165,Van,Same-Day,Cloudy,1,1,WH003,Central,5000,Yes,Yes,Air Conditioner,Appliances,45.0,95,25,Yes,No,Wooden crate,1200,No,No,11280.0,2024-06-15,Delivered,1
SL00620,Jaffna,Negombo,355,Lorry,Same-Day,Stormy,2,2,WH005,Northern,3500,No,No,Furniture Set,Furniture,80.0,94,40,Yes,No,Corner guards and blankets,700,No,No,21880.0,2025-07-13,Delivered,1
SL00621,Kurunegala,Chilaw,81,Motorbike,Standard,Stormy,2,3,WH006,North Western,4000,Yes,No,Documents Package,Documents,0.5,313,100,Yes,No,Padded envelope,150,No,No,2340.0,2025-03-28,Delivered,0
SL00622,Gampaha,Kilinochchi,339,Motorbike,Economy,Clear,5,5,WH002,Western,6000,Yes,No,Mobile Phone,Electronics,0.3,9,10,Yes,Yes,Anti-static box with foam,600,Yes,No,6430.0,2024-08-13,Delivered,1
SL00623,Kurunegala,Galle,212,Van,Standard,Clear,2,2,WH006,North Western,4000,Yes,No,Auto Spare Parts,Auto Parts,25.0,119,50,Yes,No,Reinforced carton,450,No,No,6110.0,2024-10-11,Delivered,1
SL00624,Colombo,Jaffna,400,Three Wheeler,Economy,Clear,5,5,WH001,Western,10000,Yes,Yes,Ceramic Dinnerware Set,Fragile Items,6.0,221,20,Yes,No,Bubble wrap and double box,850,Yes,No,8170.0,2025-06-07,Delivered,1
SL00625,Kurunegala,Vavuniya,183,Three Wheeler,Express,Stormy,1,1,WH006,North Western,4000,Yes,No,LED Television,Electronics,15.0,210,10,Yes,No,Anti-static box with foam,600,Yes,No,7270.0,2025-04-01,Delivered,1
SL00626,Gampaha,Trincomalee,278,Lorry,Economy,Stormy,4,7,WH002,Western,6000,Yes,No,Furniture Set,Furniture,80.0,167,20,Yes,No,Corner guards and blankets,700,No,No,8060.0,2024-03-29,Delayed,0
SL00627,Galle,Ratnapura,97,Three Wheeler,Economy,Foggy,4,4,WH004,Southern,4500,Yes,No,Office Chair,Furniture,12.0,53,50,Yes,No,Corner guards and blankets,700,No,No,2810.0,2024-10-06,Failed,0
SL00628,Kandy,Ampara,150,Three Wheeler,Economy,Foggy,4,5,WH003,Central,5000,Yes,Yes,Cotton Clothing Bale,Clothing,8.0,90,20,Yes,No,Poly mailer bag,120,No,No,3160.0,2025-05-17,Delivered,0
SL00629,Jaffna,Polonnaruwa,285,Three Wheeler,Standard,Stormy,2,3,WH005,Northern,3500,No,No,LED Television,Electronics,15.0,257,20,Yes,No,Anti-static box with foam,600,Yes,No,7400.0,2024-11-03,Delivered,0
SL00630,Gampaha,Chilaw,75,Three Wheeler,Standard,Stormy,2,3,WH002,Western,6000,Yes,No,Frozen Food Pack,Groceries,15.0,15,100,Yes,Yes,Insulated box,400,No,Yes,3010.0,2025-05-19,Delayed,0
SL00631,Negombo,Kilinochchi,326,Van,Standard,Foggy,3,6,WH010,Western,4000,Yes,Yes,Washing Machine,Appliances,40.0,243,25,Yes,No,Wooden crate,1200,No,No,10450.0,2024-05-02,Delayed,0
SL00632,Matara,Kilinochchi,499,Van,Same-Day,Cloudy,2,2,WH009,Southern,3000,Yes,No,Air Conditioner,Appliances,45.0,1,20,Yes,Yes,Wooden crate,1200,No,No,24450.0,2024-05-18,Delivered,1
SL00633,Kandy,Galle,225,Van,Standard,Cloudy,2,2,WH003,Central,5000,Yes,Yes,Air Conditioner,Appliances,45.0,202,10,Yes,No,Wooden crate,1200,No,No,7870.0,2024-03-19,Delivered,1
SL00634,Galle,Chilaw,232,Motorbike,Express,Clear,1,1,WH004,Southern,4500,Yes,No,Documents Package,Documents,0.5,105,50,Yes,No,Padded envelope,150,No,No,8220.0,2024-11-04,Delivered,1
SL00635,Kurunegala,Jaffna,317,Three Wheeler,Standard,Rainy,3,3,WH006,North Western,4000,Yes,No,Fresh Vegetables Crate,Groceries,20.0,0,50,No,Yes,Insulated box,400,No,Yes,8310.0,2025-05-11,Delivered,1
SL00636,Kurunegala,Anuradhapura,110,Three Wheeler,Same-Day,Rainy,1,1,WH006,North Western,4000,Yes,No,Cotton Clothing Bale,Clothing,8.0,4,20,Yes,Yes,Poly mailer bag,120,No,No,5660.0,2025-06-22,Delivered,1
SL00637,Matara,Monaragala,176,Lorry,Same-Day,Stormy,1,2,WH009,Southern,3000,Yes,No,Furniture Set,Furniture,80.0,59,10,Yes,No,Corner guards and blankets,700,No,No,13340.0,2024-11-15,Delivered,0
SL00638,Kandy,Kalutara,140,Van,Standard,Rainy,2,2,WH003,Central,5000,Yes,Yes,Air Conditioner,Appliances,45.0,34,100,Yes,Yes,Wooden crate,1200,No,No,5980.0,2024-05-25,Delivered,1
SL00639,Jaffna,Anuradhapura,195,Motorbike,Express,Rainy,1,1,WH005,Northern,3500,No,No,Medicine Pack,Pharmacy,0.5,237,100,Yes,No,Sealed insulated pack,500,No,Yes,7300.0,2024-03-20,Failed,0
SL00640,Batticaloa,Hambantota,245,Lorry,Same-Day,Rainy,1,1,WH008,Eastern,2500,No,No,Refrigerator,Appliances,55.0,13,100,Yes,Yes,Wooden crate,1200,No,No,15250.0,2025-04-25,Delivered,1
SL00641,Jaffna,Kandy,335,Motorbike,Same-Day,Cloudy,2,2,WH005,Northern,3500,No,No,Laptop,Electronics,2.5,69,10,Yes,No,Anti-static box with foam,600,Yes,No,14110.0,2024-07-23,Delivered,1
SL00642,Kurunegala,Colombo,95,Van,Same-Day,Rainy,1,1,WH006,North Western,4000,Yes,No,Dining Table,Furniture,35.0,162,50,Yes,No,Corner guards and blankets,700,No,No,7130.0,2025-05-27,Delivered,1
SL00643,Matara,Polonnaruwa,295,Motorbike,Same-Day,Clear,1,1,WH009,Southern,3000,Yes,No,Medicine Pack,Pharmacy,0.5,27,50,Yes,Yes,Sealed insulated pack,500,No,Yes,13270.0,2024-10-15,Delivered,1
SL00644,Matara,Colombo,160,Van,Same-Day,Rainy,1,1,WH009,Southern,3000,Yes,No,Dining Table,Furniture,35.0,382,40,Yes,No,Corner guards and blankets,700,No,No,10150.0,2024-07-08,Delivered,1
SL00645,Gampaha,Anuradhapura,185,Van,Standard,Stormy,2,2,WH002,Western,6000,Yes,No,Auto Spare Parts,Auto Parts,25.0,283,20,Yes,No,Reinforced carton,450,No,No,6140.0,2024-05-06,Delivered,1
SL00646,Gampaha,Puttalam,137,Van,Express,Stormy,1,2,WH002,Western,6000,Yes,No,Auto Spare Parts,Auto Parts,25.0,380,25,Yes,No,Reinforced carton,450,No,No,6010.0,2025-05-20,Delivered,0
SL00647,Anuradhapura,Ratnapura,235,Motorbike,Economy,Foggy,4,4,WH007,North Central,3000,No,No,Laptop,Electronics,2.5,371,40,Yes,No,Anti-static box with foam,600,Yes,No,4950.0,2025-03-14,Delivered,1
SL00648,Gampaha,Kalutara,73,Three Wheeler,Standard,Rainy,2,2,WH002,Western,6000,Yes,No,Ceramic Dinnerware Set,Fragile Items,6.0,0,100,No,Yes,Bubble wrap and double box,850,Yes,No,3070.0,2025-02-09,Delivered,1
SL00649,Matara,Dambulla,276,Van,Same-Day,Clear,1,1,WH009,Southern,3000,Yes,No,Auto Spare Parts,Auto Parts,25.0,7,100,Yes,Yes,Reinforced carton,450,No,No,14530.0,2024-06-21,Delivered,1
SL00650,Kurunegala,Trincomalee,199,Van,Standard,Rainy,2,2,WH006,North Western,4000,Yes,No,Washing Machine,Appliances,40.0,226,10,Yes,No,Wooden crate,1200,No,No,7700.0,2025-05-26,Delivered,1
SL00651,Negombo,Polonnaruwa,196,Three Wheeler,Standard,Stormy,2,3,WH010,Western,4000,Yes,Yes,Fresh Vegetables Crate,Groceries,20.0,361,50,Yes,No,Insulated box,400,No,Yes,5780.0,2024-05-30,Delivered,0
SL00652,Gampaha,Jaffna,371,Van,Standard,Stormy,3,3,WH002,Western,6000,Yes,No,Auto Spare Parts,Auto Parts,25.0,341,20,Yes,No,Reinforced carton,450,No,No,9270.0,2024-03-10,Delivered,1
SL00653,Colombo,Trincomalee,260,Three Wheeler,Economy,Foggy,4,7,WH001,Western,10000,Yes,Yes,Frozen Food Pack,Groceries,15.0,98,25,Yes,No,Insulated box,400,No,Yes,5360.0,2025-06-16,Delayed,0
SL00654,Batticaloa,Trincomalee,135,Three Wheeler,Standard,Stormy,2,3,WH008,Eastern,2500,No,No,Frozen Food Pack,Groceries,15.0,153,50,Yes,No,Insulated box,400,No,Yes,4260.0,2024-01-19,Delivered,0
SL00655,Anuradhapura,Jaffna,195,Three Wheeler,Economy,Stormy,4,4,WH007,North Central,3000,No,No,LED Television,Electronics,15.0,212,40,Yes,No,Anti-static box with foam,600,Yes,No,4530.0,2024-11-06,Delivered,1
SL00656,Batticaloa,Hambantota,245,Van,Express,Cloudy,1,1,WH008,Eastern,2500,No,No,Dining Table,Furniture,35.0,269,10,Yes,No,Corner guards and blankets,700,No,No,10740.0,2025-07-21,Delivered,1
SL00657,Negombo,Gampaha,27,Lorry,Economy,Foggy,4,4,WH010,Western,4000,Yes,Yes,Furniture Set,Furniture,80.0,279,10,Yes,No,Corner guards and blankets,700,No,No,3740.0,2025-01-21,Delivered,1
SL00658,Jaffna,Badulla,413,Van,Same-Day,Clear,2,2,WH005,Northern,3500,No,No,Air Conditioner,Appliances,45.0,85,25,Yes,No,Wooden crate,1200,No,No,22050.0,2025-08-20,Delivered,1
SL00659,Kurunegala,Vavuniya,183,Lorry,Same-Day,Stormy,1,1,WH006,North Western,4000,Yes,No,Refrigerator,Appliances,55.0,202,40,Yes,No,Wooden crate,1200,No,No,12130.0,2024-08-28,Delivered,1
SL00660,Negombo,Galle,179,Three Wheeler,Same-Day,Cloudy,1,1,WH010,Western,4000,Yes,Yes,Books Bundle,Books,10.0,3,10,Yes,Yes,Corrugated box,200,No,No,8340.0,2025-04-16,Delivered,1
SL00661,Negombo,Puttalam,95,Three Wheeler,Economy,Cloudy,4,4,WH010,Western,4000,Yes,Yes,Cotton Clothing Bale,Clothing,8.0,0,40,No,Yes,Poly mailer bag,120,No,No,2130.0,2024-11-20,Delivered,1
SL00662,Negombo,Vavuniya,241,Motorbike,Standard,Foggy,2,5,WH010,Western,4000,Yes,Yes,Glass Vase Set,Fragile Items,4.0,8,10,Yes,Yes,Bubble wrap and double box,850,Yes,No,6650.0,2024-12-13,Delayed,0
SL00663,Negombo,Ratnapura,111,Van,Standard,Stormy,2,2,WH010,Western,4000,Yes,Yes,Dining Table,Furniture,35.0,345,10,Yes,No,Corner guards and blankets,700,No,No,4560.0,2024-10-31,Delivered,1
SL00664,Galle,Kegalle,177,Motorbike,Same-Day,Foggy,1,1,WH004,Southern,4500,Yes,No,Glass Vase Set,Fragile Items,4.0,6,25,Yes,Yes,Bubble wrap and double box,850,Yes,No,8780.0,2025-03-13,Delivered,1
SL00665,Kurunegala,Galle,212,Three Wheeler,Standard,Foggy,2,2,WH006,North Western,4000,Yes,No,Ceramic Dinnerware Set,Fragile Items,6.0,241,100,Yes,No,Bubble wrap and double box,850,Yes,No,6010.0,2024-09-14,Delivered,1
SL00666,Batticaloa,Dambulla,151,Motorbike,Express,Clear,1,1,WH008,Eastern,2500,No,No,Documents Package,Documents,0.5,284,20,Yes,No,Padded envelope,150,No,No,5300.0,2025-04-23,Delivered,1
SL00667,Matara,Kegalle,189,Three Wheeler,Economy,Foggy,4,4,WH009,Southern,3000,Yes,No,Fresh Vegetables Crate,Groceries,20.0,50,50,Yes,Yes,Insulated box,400,No,Yes,4350.0,2024-06-03,Delivered,1
SL00668,Anuradhapura,Hambantota,332,Three Wheeler,Standard,Clear,3,3,WH007,North Central,3000,No,No,Books Bundle,Books,10.0,231,25,Yes,No,Corrugated box,200,No,No,8400.0,2024-09-19,Delivered,1
SL00669,Anuradhapura,Matara,341,Motorbike,Same-Day,Rainy,2,2,WH007,North Central,3000,No,No,Medicine Pack,Pharmacy,0.5,4,25,Yes,Yes,Sealed insulated pack,500,No,Yes,14690.0,2025-03-22,Delivered,1
SL00670,Colombo,Batticaloa,310,Three Wheeler,Express,Cloudy,2,5,WH001,Western,10000,Yes,Yes,Cotton Clothing Bale,Clothing,8.0,5,25,Yes,Yes,Poly mailer bag,120,No,No,10110.0,2024-02-13,Delayed,0
SL00671,Colombo,Galle,120,Three Wheeler,Same-Day,Cloudy,1,1,WH001,Western,10000,Yes,Yes,Frozen Food Pack,Groceries,15.0,52,40,Yes,No,Insulated box,400,No,Yes,6860.0,2024-04-02,Delivered,1
SL00672,Kandy,Matara,194,Motorbike,Same-Day,Foggy,1,5,WH003,Central,5000,Yes,Yes,Glass Vase Set,Fragile Items,4.0,81,50,Yes,No,Bubble wrap and double box,850,Yes,No,9980.0,2024-09-14,Delayed,0
SL00673,Gampaha,Batticaloa,261,Three Wheeler,Same-Day,Cloudy,1,1,WH002,Western,6000,Yes,No,Frozen Food Pack,Groceries,15.0,319,100,Yes,No,Insulated box,400,No,Yes,12870.0,2024-08-29,Delivered,1
SL00674,Galle,Anuradhapura,330,Three Wheeler,Same-Day,Rainy,2,2,WH004,Southern,4500,Yes,No,Cotton Clothing Bale,Clothing,8.0,160,40,Yes,No,Poly mailer bag,120,No,No,13880.0,2024-02-27,Delivered,1
SL00675,Matara,Nuwara Eliya,151,Three Wheeler,Same-Day,Cloudy,1,1,WH009,Southern,3000,Yes,No,Frozen Food Pack,Groceries,15.0,263,100,Yes,No,Insulated box,400,No,Yes,8450.0,2024-05-28,Delivered,1
SL00676,Batticaloa,Monaragala,132,Van,Standard,Cloudy,2,2,WH008,Eastern,2500,No,No,Air Conditioner,Appliances,45.0,0,50,No,Yes,Wooden crate,1200,No,No,6320.0,2024-02-25,Delivered,1
SL00677,Jaffna,Ampara,415,Motorbike,Economy,Cloudy,5,6,WH005,Northern,3500,No,No,Medicine Pack,Pharmacy,0.5,378,25,Yes,No,Sealed insulated pack,500,No,Yes,8180.0,2024-08-30,Delayed,0
SL00678,Anuradhapura,Colombo,205,Van,Economy,Cloudy,4,4,WH007,North Central,3000,No,No,Auto Spare Parts,Auto Parts,25.0,140,25,Yes,No,Reinforced carton,450,No,No,5300.0,2024-06-13,Delivered,1
SL00679,Kurunegala,Chilaw,81,Van,Economy,Clear,4,4,WH006,North Western,4000,Yes,No,Auto Spare Parts,Auto Parts,25.0,61,40,Yes,No,Reinforced carton,450,No,No,2940.0,2024-12-06,Delivered,1
SL00680,Gampaha,Anuradhapura,185,Three Wheeler,Standard,Foggy,2,6,WH002,Western,6000,Yes,No,Cotton Clothing Bale,Clothing,8.0,7,50,Yes,Yes,Poly mailer bag,120,No,No,4790.0,2024-01-29,Delayed,0
SL00681,Kandy,Chilaw,126,Three Wheeler,Economy,Rainy,4,6,WH003,Central,5000,Yes,Yes,LED Television,Electronics,15.0,0,20,No,Yes,Anti-static box with foam,600,Yes,No,3420.0,2024-03-25,Delayed,0
SL00682,Kandy,Matara,194,Motorbike,Express,Foggy,1,2,WH003,Central,5000,Yes,Yes,Laptop,Electronics,2.5,183,40,Yes,No,Anti-static box with foam,600,Yes,No,6820.0,2024-06-26,Delivered,0
SL00683,Jaffna,Batticaloa,369,Motorbike,Same-Day,Stormy,2,2,WH005,Northern,3500,No,No,Mobile Phone,Electronics,0.3,221,40,Yes,No,Anti-static box with foam,600,Yes,No,16920.0,2025-07-25,Delivered,1
SL00684,Gampaha,Hambantota,214,Motorbike,Express,Cloudy,1,1,WH002,Western,6000,Yes,No,Medicine Pack,Pharmacy,0.5,106,10,Yes,No,Sealed insulated pack,500,No,Yes,7740.0,2024-09-23,Delivered,1
SL00685,Gampaha,Badulla,154,Three Wheeler,Express,Foggy,1,2,WH002,Western,6000,Yes,No,Office Chair,Furniture,12.0,12,50,Yes,Yes,Corner guards and blankets,700,No,No,6900.0,2025-05-21,Delivered,0
SL00686,Galle,Monaragala,202,Motorbike,Express,Rainy,1,1,WH004,Southern,4500,Yes,No,Laptop,Electronics,2.5,156,25,Yes,No,Anti-static box with foam,600,Yes,No,7430.0,2024-05-13,Failed,0
SL00687,Galle,Kegalle,177,Three Wheeler,Express,Cloudy,1,1,WH004,Southern,4500,Yes,No,Cotton Clothing Bale,Clothing,8.0,116,40,Yes,No,Poly mailer bag,120,No,No,6370.0,2024-05-29,Delivered,1
SL00688,Jaffna,Kurunegala,317,Lorry,Express,Foggy,2,3,WH005,Northern,3500,No,No,Refrigerator,Appliances,55.0,147,25,Yes,No,Wooden crate,1200,No,No,14140.0,2024-01-11,Delivered,0
SL00689,Kandy,Badulla,130,Three Wheeler,Economy,Rainy,4,4,WH003,Central,5000,Yes,Yes,Frozen Food Pack,Groceries,15.0,382,40,Yes,No,Insulated box,400,No,Yes,3430.0,2024-03-15,Failed,0
SL00690,Matara,Kandy,194,Motorbike,Same-Day,Cloudy,1,1,WH009,Southern,3000,Yes,No,Laptop,Electronics,2.5,261,25,Yes,No,Anti-static box with foam,600,Yes,No,9620.0,2024-02-16,Delivered,1
SL00691,Jaffna,Puttalam,237,Lorry,Economy,Cloudy,4,4,WH005,Northern,3500,No,No,Refrigerator,Appliances,55.0,363,25,Yes,No,Wooden crate,1200,No,No,7690.0,2025-07-26,Delivered,1
SL00692,Negombo,Trincomalee,279,Three Wheeler,Standard,Rainy,2,2,WH010,Western,4000,Yes,Yes,LED Television,Electronics,15.0,193,40,Yes,No,Anti-static box with foam,600,Yes,No,7200.0,2025-06-27,Delivered,1
SL00693,Kandy,Kurunegala,42,Three Wheeler,Same-Day,Cloudy,1,1,WH003,Central,5000,Yes,Yes,Cotton Clothing Bale,Clothing,8.0,0,20,No,Yes,Poly mailer bag,120,No,No,3000.0,2024-10-14,Delivered,1
SL00694,Anuradhapura,Ratnapura,235,Van,Standard,Foggy,2,2,WH007,North Central,3000,No,No,Air Conditioner,Appliances,45.0,155,50,Yes,No,Wooden crate,1200,No,No,7940.0,2025-05-18,Delivered,1
SL00695,Matara,Dambulla,276,Three Wheeler,Economy,Clear,4,4,WH009,Southern,3000,Yes,No,Office Chair,Furniture,12.0,1,20,Yes,Yes,Corner guards and blankets,700,No,No,5800.0,2024-09-23,Delivered,1
SL00696,Batticaloa,Hambantota,245,Van,Same-Day,Stormy,1,4,WH008,Eastern,2500,No,No,Dining Table,Furniture,35.0,0,25,No,Yes,Corner guards and blankets,700,No,No,13270.0,2024-05-31,Delayed,0
SL00697,Kurunegala,Galle,212,Motorbike,Express,Cloudy,1,1,WH006,North Western,4000,Yes,No,Laptop,Electronics,2.5,3,100,Yes,Yes,Anti-static box with foam,600,Yes,No,8100.0,2025-07-30,Delivered,1
SL00698,Negombo,Colombo,38,Three Wheeler,Express,Stormy,1,3,WH010,Western,4000,Yes,Yes,Ceramic Dinnerware Set,Fragile Items,6.0,146,40,Yes,No,Bubble wrap and double box,850,Yes,No,2580.0,2024-05-04,Delayed,0
SL00699,Kurunegala,Polonnaruwa,112,Motorbike,Same-Day,Cloudy,1,4,WH006,North Western,4000,Yes,No,Glass Vase Set,Fragile Items,4.0,2,40,Yes,Yes,Bubble wrap and double box,850,Yes,No,6120.0,2024-10-02,Delayed,0
SL00700,Kurunegala,Kandy,42,Lorry,Economy,Cloudy,4,4,WH006,North Western,4000,Yes,No,Refrigerator,Appliances,55.0,395,50,Yes,No,Wooden crate,1200,No,No,3610.0,2024-02-19,Delivered,1
SL00701,Kurunegala,Kandy,42,Three Wheeler,Same-Day,Foggy,1,1,WH006,North Western,4000,Yes,No,Books Bundle,Books,10.0,215,10,Yes,No,Corrugated box,200,No,No,2950.0,2025-02-12,Delivered,1
SL00702,Colombo,Batticaloa,310,Van,Express,Stormy,2,3,WH001,Western,10000,Yes,Yes,Washing Machine,Appliances,40.0,165,100,Yes,No,Wooden crate,1200,No,No,12620.0,2024-11-01,Failed,0
SL00703,Anuradhapura,Kilinochchi,157,Three Wheeler,Standard,Foggy,2,2,WH007,North Central,3000,No,No,Frozen Food Pack,Groceries,15.0,11,10,Yes,No,Insulated box,400,No,Yes,4720.0,2025-02-01,Delivered,1
SL00704,Jaffna,Polonnaruwa,285,Three Wheeler,Economy,Clear,4,4,WH005,Northern,3500,No,No,Frozen Food Pack,Groceries,15.0,208,50,Yes,No,Insulated box,400,No,Yes,6080.0,2025-03-12,Delivered,1
SL00705,Colombo,Puttalam,130,Van,Standard,Stormy,2,4,WH001,Western,10000,Yes,Yes,Washing Machine,Appliances,40.0,351,100,Yes,No,Wooden crate,1200,No,No,5840.0,2025-06-21,Delayed,0
SL00706,Jaffna,Kalutara,445,Van,Economy,Clear,5,5,WH005,Northern,3500,No,No,Washing Machine,Appliances,40.0,264,25,Yes,No,Wooden crate,1200,No,No,11200.0,2024-11-03,Delivered,1
SL00707,Matara,Hambantota,75,Motorbike,Standard,Foggy,2,2,WH009,Southern,3000,Yes,No,Medicine Pack,Pharmacy,0.5,0,10,No,Yes,Sealed insulated pack,500,No,Yes,2500.0,2025-02-26,Delivered,1
SL00708,Batticaloa,Dambulla,151,Motorbike,Standard,Cloudy,2,2,WH008,Eastern,2500,No,No,Laptop,Electronics,2.5,61,50,Yes,No,Anti-static box with foam,600,Yes,No,4120.0,2025-04-18,Delivered,1
SL00709,Kandy,Vavuniya,211,Van,Same-Day,Clear,1,1,WH003,Central,5000,Yes,Yes,Dining Table,Furniture,35.0,380,25,Yes,No,Corner guards and blankets,700,No,No,12060.0,2025-04-10,Delivered,1
SL00710,Negombo,Kurunegala,84,Van,Standard,Rainy,2,2,WH010,Western,4000,Yes,Yes,Auto Spare Parts,Auto Parts,25.0,60,100,Yes,Yes,Reinforced carton,450,No,No,3390.0,2024-04-18,Delivered,1
SL00711,Matara,Colombo,160,Three Wheeler,Same-Day,Stormy,1,1,WH009,Southern,3000,Yes,No,Cotton Clothing Bale,Clothing,8.0,3,100,Yes,Yes,Poly mailer bag,120,No,No,7480.0,2025-05-13,Delivered,1
SL00712,Negombo,Kegalle,73,Three Wheeler,Standard,Stormy,2,2,WH010,Western,4000,Yes,Yes,Books Bundle,Books,10.0,64,20,Yes,No,Corrugated box,200,No,No,2350.0,2024-01-17,Delivered,1
SL00713,Colombo,Batticaloa,310,Three Wheeler,Economy,Rainy,5,5,WH001,Western,10000,Yes,Yes,Ceramic Dinnerware Set,Fragile Items,6.0,243,100,Yes,No,Bubble wrap and double box,850,Yes,No,6490.0,2024-11-04,Delivered,1
SL00714,Kandy,Gampaha,96,Van,Economy,Clear,4,4,WH003,Central,5000,Yes,Yes,Auto Spare Parts,Auto Parts,25.0,15,20,Yes,Yes,Reinforced carton,450,No,No,3200.0,2025-05-11,Failed,0
SL00715,Colombo,Kalutara,42,Three Wheeler,Express,Rainy,1,1,WH001,Western,10000,Yes,Yes,Frozen Food Pack,Groceries,15.0,220,10,Yes,No,Insulated box,400,No,Yes,2680.0,2025-03-18,Delivered,1
SL00716,Batticaloa,Kilinochchi,305,Three Wheeler,Standard,Clear,3,3,WH008,Eastern,2500,No,No,Cotton Clothing Bale,Clothing,8.0,268,50,Yes,No,Poly mailer bag,120,No,No,7720.0,2025-05-14,Delivered,1
SL00717,Colombo,Puttalam,130,Motorbike,Same-Day,Stormy,1,2,WH001,Western,10000,Yes,Yes,Medicine Pack,Pharmacy,0.5,303,10,Yes,No,Sealed insulated pack,500,No,Yes,6210.0,2025-04-29,Delivered,0
SL00718,Batticaloa,Kegalle,205,Motorbike,Standard,Stormy,2,3,WH008,Eastern,2500,No,No,Laptop,Electronics,2.5,30,20,Yes,No,Anti-static box with foam,600,Yes,No,5530.0,2025-03-24,Delivered,0
SL00719,Matara,Batticaloa,305,Motorbike,Standard,Foggy,3,3,WH009,Southern,3000,Yes,No,Medicine Pack,Pharmacy,0.5,386,100,Yes,No,Sealed insulated pack,500,No,Yes,7390.0,2025-02-03,Delivered,1
SL00720,Kurunegala,Gampaha,78,Three Wheeler,Express,Foggy,1,2,WH006,North Western,4000,Yes,No,Cotton Clothing Bale,Clothing,8.0,373,100,Yes,No,Poly mailer bag,120,No,No,3190.0,2024-07-23,Delivered,0
SL00721,Negombo,Gampaha,27,Van,Same-Day,Stormy,1,1,WH010,Western,4000,Yes,Yes,Dining Table,Furniture,35.0,272,25,Yes,No,Corner guards and blankets,700,No,No,4270.0,2024-01-19,Delivered,1
SL00722,Jaffna,Nuwara Eliya,403,Van,Express,Rainy,2,2,WH005,Northern,3500,No,No,Air Conditioner,Appliances,45.0,277,10,Yes,No,Wooden crate,1200,No,No,16030.0,2024-04-26,Delivered,1
SL00723,Gampaha,Ampara,244,Motorbike,Express,Stormy,1,1,WH002,Western,6000,Yes,No,Medicine Pack,Pharmacy,0.5,194,25,Yes,No,Sealed insulated pack,500,No,Yes,8990.0,2024-09-30,Failed,0
SL00724,Matara,Kegalle,189,Three Wheeler,Same-Day,Clear,1,1,WH009,Southern,3000,Yes,No,Office Chair,Furniture,12.0,244,40,Yes,No,Corner guards and blankets,700,No,No,9060.0,2024-04-18,Failed,0
SL00725,Matara,Kandy,194,Motorbike,Same-Day,Rainy,1,1,WH009,Southern,3000,Yes,No,Laptop,Electronics,2.5,125,25,Yes,No,Anti-static box with foam,600,Yes,No,9360.0,2025-03-28,Delivered,1
SL00726,Batticaloa,Kilinochchi,305,Motorbike,Same-Day,Rainy,2,2,WH008,Eastern,2500,No,No,Documents Package,Documents,0.5,191,20,Yes,No,Padded envelope,150,No,No,13550.0,2025-03-25,Delivered,1
SL00727,Colombo,Matara,160,Three Wheeler,Economy,Cloudy,4,4,WH001,Western,10000,Yes,Yes,Cotton Clothing Bale,Clothing,8.0,107,10,Yes,No,Poly mailer bag,120,No,No,3370.0,2025-02-28,Delivered,1
SL00728,Galle,Anuradhapura,330,Van,Economy,Rainy,5,5,WH004,Southern,4500,Yes,No,Air Conditioner,Appliances,45.0,7,40,Yes,Yes,Wooden crate,1200,No,No,9070.0,2025-06-12,Delivered,1
SL00729,Colombo,Kalutara,42,Van,Express,Clear,1,1,WH001,Western,10000,Yes,Yes,Air Conditioner,Appliances,45.0,284,10,Yes,No,Wooden crate,1200,No,No,5050.0,2025-02-15,Delivered,1
SL00730,Anuradhapura,Kandy,140,Van,Economy,Clear,4,4,WH007,North Central,3000,No,No,Dining Table,Furniture,35.0,348,20,Yes,No,Corner guards and blankets,700,No,No,4160.0,2025-06-16,Delivered,1
SL00731,Anuradhapura,Vavuniya,75,Three Wheeler,Standard,Cloudy,2,2,WH007,North Central,3000,No,No,Books Bundle,Books,10.0,24,25,Yes,Yes,Corrugated box,200,No,No,2560.0,2024-05-30,Delivered,1
SL00732,Batticaloa,Chilaw,272,Motorbike,Express,Foggy,1,2,WH008,Eastern,2500,No,No,Glass Vase Set,Fragile Items,4.0,336,100,Yes,No,Bubble wrap and double box,850,Yes,No,10480.0,2025-02-18,Delivered,0
SL00733,Jaffna,Galle,525,Three Wheeler,Same-Day,Foggy,2,3,WH005,Northern,3500,No,No,Ceramic Dinnerware Set,Fragile Items,6.0,391,100,Yes,No,Bubble wrap and double box,850,Yes,No,22850.0,2025-07-07,Failed,0
SL00734,Galle,Jaffna,525,Three Wheeler,Standard,Foggy,3,3,WH004,Southern,4500,Yes,No,Books Bundle,Books,10.0,345,20,Yes,No,Corrugated box,200,No,No,13040.0,2024-09-21,Delivered,1
SL00735,Jaffna,Kilinochchi,70,Motorbike,Economy,Foggy,4,5,WH005,Northern,3500,No,No,Medicine Pack,Pharmacy,0.5,1,25,Yes,Yes,Sealed insulated pack,500,No,Yes,1970.0,2024-02-18,Delivered,0
SL00736,Batticaloa,Ratnapura,239,Motorbike,Same-Day,Stormy,1,1,WH008,Eastern,2500,No,No,Laptop,Electronics,2.5,140,100,Yes,No,Anti-static box with foam,600,Yes,No,11460.0,2025-06-30,Delivered,1
SL00737,Kurunegala,Ratnapura,117,Motorbike,Standard,Foggy,2,3,WH006,North Western,4000,Yes,No,Medicine Pack,Pharmacy,0.5,385,40,Yes,No,Sealed insulated pack,500,No,Yes,3240.0,2025-06-12,Delivered,0
SL00738,Kurunegala,Kalutara,143,Three Wheeler,Same-Day,Rainy,1,1,WH006,North Western,4000,Yes,No,Ceramic Dinnerware Set,Fragile Items,6.0,230,10,Yes,No,Bubble wrap and double box,850,Yes,No,7050.0,2024-05-13,Delivered,1
SL00739,Galle,Kalutara,78,Three Wheeler,Same-Day,Cloudy,1,1,WH004,Southern,4500,Yes,No,Frozen Food Pack,Groceries,15.0,226,50,Yes,No,Insulated box,400,No,Yes,5040.0,2025-02-08,Delivered,1
SL00740,Negombo,Gampaha,27,Three Wheeler,Economy,Stormy,4,5,WH010,Western,4000,Yes,Yes,Fresh Vegetables Crate,Groceries,20.0,270,100,Yes,No,Insulated box,400,No,Yes,1610.0,2024-05-10,Delivered,0
SL00741,Batticaloa,Negombo,276,Three Wheeler,Same-Day,Rainy,1,1,WH008,Eastern,2500,No,No,Frozen Food Pack,Groceries,15.0,36,100,Yes,Yes,Insulated box,400,No,Yes,13740.0,2025-01-13,Delivered,1
SL00742,Negombo,Hambantota,242,Motorbike,Same-Day,Clear,1,1,WH010,Western,4000,Yes,Yes,Laptop,Electronics,2.5,168,10,Yes,No,Anti-static box with foam,600,Yes,No,10460.0,2025-01-15,Delivered,1
SL00743,Kurunegala,Ratnapura,117,Three Wheeler,Standard,Stormy,2,3,WH006,North Western,4000,Yes,No,Books Bundle,Books,10.0,0,20,No,Yes,Corrugated box,200,No,No,3420.0,2024-11-08,Delivered,0
SL00744,Galle,Trincomalee,394,Three Wheeler,Economy,Clear,5,5,WH004,Southern,4500,Yes,No,Books Bundle,Books,10.0,6,10,Yes,Yes,Corrugated box,200,No,No,7640.0,2025-08-09,Delivered,1
SL00745,Negombo,Kalutara,92,Three Wheeler,Standard,Stormy,2,3,WH010,Western,4000,Yes,Yes,Books Bundle,Books,10.0,388,50,Yes,No,Corrugated box,200,No,No,2900.0,2025-04-16,Delivered,0
SL00746,Batticaloa,Negombo,276,Van,Standard,Clear,2,2,WH008,Eastern,2500,No,No,Auto Spare Parts,Auto Parts,25.0,360,50,Yes,No,Reinforced carton,450,No,No,7650.0,2025-02-08,Delivered,1
SL00747,Matara,Kandy,194,Motorbike,Economy,Cloudy,4,4,WH009,Southern,3000,Yes,No,Mobile Phone,Electronics,0.3,104,100,Yes,No,Anti-static box with foam,600,Yes,No,4350.0,2024-11-12,Delivered,1
SL00748,Gampaha,Chilaw,75,Lorry,Same-Day,Rainy,1,1,WH002,Western,6000,Yes,No,Furniture Set,Furniture,80.0,297,50,Yes,No,Corner guards and blankets,700,No,No,8760.0,2025-08-06,Failed,0
SL00749,Galle,Gampaha,156,Motorbike,Same-Day,Clear,1,1,WH004,Southern,4500,Yes,No,Documents Package,Documents,0.5,292,20,Yes,No,Padded envelope,150,No,No,6750.0,2024-07-29,Delivered,1
SL00750,Negombo,Kalutara,92,Motorbike,Same-Day,Foggy,1,1,WH010,Western,4000,Yes,Yes,Medicine Pack,Pharmacy,0.5,225,50,Yes,No,Sealed insulated pack,500,No,Yes,5050.0,2024-12-14,Delivered,1
SL00751,Kandy,Hambantota,183,Three Wheeler,Same-Day,Foggy,1,2,WH003,Central,5000,Yes,Yes,Cotton Clothing Bale,Clothing,8.0,151,10,Yes,No,Poly mailer bag,120,No,No,8540.0,2024-10-19,Delivered,0
SL00752,Kandy,Kurunegala,42,Three Wheeler,Same-Day,Rainy,1,1,WH003,Central,5000,Yes,Yes,Office Chair,Furniture,12.0,228,100,Yes,No,Corner guards and blankets,700,No,No,3470.0,2024-11-29,Delivered,1
SL00753,Colombo,Monaragala,290,Van,Same-Day,Cloudy,1,1,WH001,Western,10000,Yes,Yes,Dining Table,Furniture,35.0,183,20,Yes,No,Corner guards and blankets,700,No,No,15900.0,2024-09-21,Delivered,1
SL00754,Gampaha,Kandy,96,Motorbike,Express,Rainy,1,1,WH002,Western,6000,Yes,No,Glass Vase Set,Fragile Items,4.0,320,20,Yes,No,Bubble wrap and double box,850,Yes,No,4470.0,2025-05-31,Delivered,1
SL00755,Gampaha,Matara,182,Motorbike,Same-Day,Cloudy,1,1,WH002,Western,6000,Yes,No,Glass Vase Set,Fragile Items,4.0,228,10,Yes,No,Bubble wrap and double box,850,Yes,No,8350.0,2024-08-27,Delivered,1
SL00756,Jaffna,Ampara,415,Lorry,Same-Day,Rainy,2,2,WH005,Northern,3500,No,No,Refrigerator,Appliances,55.0,353,20,Yes,No,Wooden crate,1200,No,No,22060.0,2025-04-01,Delivered,1
SL00757,Matara,Trincomalee,391,Van,Express,Cloudy,2,2,WH009,Southern,3000,Yes,No,Washing Machine,Appliances,40.0,106,20,Yes,No,Wooden crate,1200,No,No,16770.0,2025-07-22,Delivered,1
SL00758,Colombo,Kandy,115,Van,Economy,Foggy,4,5,WH001,Western,10000,Yes,Yes,Auto Spare Parts,Auto Parts,25.0,105,10,Yes,No,Reinforced carton,450,No,No,3440.0,2024-09-13,Delivered,0
SL00759,Kurunegala,Chilaw,81,Motorbike,Express,Foggy,1,2,WH006,North Western,4000,Yes,No,Glass Vase Set,Fragile Items,4.0,164,10,Yes,No,Bubble wrap and double box,850,Yes,No,4040.0,2024-11-03,Delivered,0
SL00760,Anuradhapura,Monaragala,248,Van,Same-Day,Rainy,1,1,WH007,North Central,3000,No,No,Washing Machine,Appliances,40.0,163,40,Yes,No,Wooden crate,1200,No,No,14440.0,2024-11-21,Delivered,1
SL00761,Jaffna,Monaragala,445,Motorbike,Economy,Cloudy,5,5,WH005,Northern,3500,No,No,Mobile Phone,Electronics,0.3,184,25,Yes,No,Anti-static box with foam,600,Yes,No,8720.0,2024-12-02,Delivered,1
SL00762,Kandy,Chilaw,126,Lorry,Same-Day,Foggy,1,1,WH003,Central,5000,Yes,Yes,Refrigerator,Appliances,55.0,24,100,Yes,Yes,Wooden crate,1200,No,No,10860.0,2025-05-15,Delivered,1
SL00763,Matara,Galle,45,Motorbike,Same-Day,Foggy,1,2,WH009,Southern,3000,Yes,No,Glass Vase Set,Fragile Items,4.0,0,100,No,Yes,Bubble wrap and double box,850,Yes,No,3390.0,2025-01-20,Delivered,0
SL00764,Anuradhapura,Trincomalee,105,Van,Same-Day,Clear,1,1,WH007,North Central,3000,No,No,Air Conditioner,Appliances,45.0,118,40,Yes,No,Wooden crate,1200,No,No,8480.0,2024-01-21,Delivered,1
SL00765,Kurunegala,Trincomalee,199,Three Wheeler,Same-Day,Foggy,1,2,WH006,North Western,4000,Yes,No,Fresh Vegetables Crate,Groceries,20.0,387,20,Yes,No,Insulated box,400,No,Yes,10840.0,2024-02-07,Delivered,0
SL00766,Batticaloa,Monaragala,132,Three Wheeler,Express,Clear,1,1,WH008,Eastern,2500,No,No,Fresh Vegetables Crate,Groceries,20.0,14,100,Yes,Yes,Insulated box,400,No,Yes,5600.0,2024-10-11,Delivered,1
SL00767,Batticaloa,Anuradhapura,204,Motorbike,Express,Foggy,1,1,WH008,Eastern,2500,No,No,Documents Package,Documents,0.5,328,50,Yes,No,Padded envelope,150,No,No,6590.0,2024-03-07,Delivered,1
SL00768,Jaffna,Polonnaruwa,285,Three Wheeler,Express,Foggy,1,3,WH005,Northern,3500,No,No,Office Chair,Furniture,12.0,160,20,Yes,No,Corner guards and blankets,700,No,No,10870.0,2025-06-29,Delayed,0
SL00769,Matara,Kalutara,123,Three Wheeler,Same-Day,Stormy,1,1,WH009,Southern,3000,Yes,No,Fresh Vegetables Crate,Groceries,20.0,352,10,Yes,No,Insulated box,400,No,Yes,7630.0,2024-10-07,Delivered,1
SL00770,Matara,Kalutara,123,Motorbike,Economy,Cloudy,4,4,WH009,Southern,3000,Yes,No,Laptop,Electronics,2.5,42,100,Yes,Yes,Anti-static box with foam,600,Yes,No,2910.0,2025-03-06,Delivered,1
SL00771,Batticaloa,Badulla,139,Lorry,Same-Day,Stormy,1,2,WH008,Eastern,2500,No,No,Furniture Set,Furniture,80.0,2,50,Yes,Yes,Corner guards and blankets,700,No,No,11450.0,2025-03-09,Delivered,0
SL00772,Galle,Batticaloa,323,Van,Express,Cloudy,2,2,WH004,Southern,4500,Yes,No,Washing Machine,Appliances,40.0,340,100,Yes,No,Wooden crate,1200,No,No,12770.0,2025-03-18,Delivered,1
SL00773,Negombo,Chilaw,45,Lorry,Standard,Cloudy,2,2,WH010,Western,4000,Yes,Yes,Refrigerator,Appliances,55.0,262,20,Yes,No,Wooden crate,1200,No,No,4660.0,2024-12-07,Delivered,1
SL00774,Galle,Jaffna,525,Motorbike,Economy,Clear,5,5,WH004,Southern,4500,Yes,No,Documents Package,Documents,0.5,316,10,Yes,No,Padded envelope,150,No,No,10380.0,2024-02-04,Delivered,1
SL00775,Kurunegala,Monaragala,167,Motorbike,Same-Day,Rainy,1,1,WH006,North Western,4000,Yes,No,Glass Vase Set,Fragile Items,4.0,13,40,Yes,Yes,Bubble wrap and double box,850,Yes,No,8110.0,2025-03-18,Delivered,1
SL00776,Gampaha,Dambulla,146,Van,Same-Day,Foggy,1,1,WH002,Western,6000,Yes,No,Washing Machine,Appliances,40.0,0,40,No,Yes,Wooden crate,1200,No,No,10500.0,2024-08-26,Delivered,1
SL00777,Batticaloa,Vavuniya,227,Lorry,Economy,Stormy,4,5,WH008,Eastern,2500,No,No,Refrigerator,Appliances,55.0,337,10,Yes,No,Wooden crate,1200,No,No,7220.0,2024-01-27,Delivered,0
SL00778,Matara,Badulla,167,Van,Express,Clear,1,1,WH009,Southern,3000,Yes,No,Auto Spare Parts,Auto Parts,25.0,10,100,Yes,Yes,Reinforced carton,450,No,No,7410.0,2024-07-17,Delivered,1
SL00779,Matara,Kurunegala,224,Three Wheeler,Standard,Stormy,2,2,WH009,Southern,3000,Yes,No,Office Chair,Furniture,12.0,337,40,Yes,No,Corner guards and blankets,700,No,No,6680.0,2024-03-02,Delivered,1
SL00780,Jaffna,Polonnaruwa,285,Three Wheeler,Economy,Foggy,4,5,WH005,Northern,3500,No,No,Office Chair,Furniture,12.0,203,25,Yes,No,Corner guards and blankets,700,No,No,6600.0,2024-05-30,Delivered,0
SL00781,Jaffna,Kegalle,351,Three Wheeler,Standard,Cloudy,3,3,WH005,Northern,3500,No,No,Frozen Food Pack,Groceries,15.0,24,50,Yes,Yes,Insulated box,400,No,Yes,9230.0,2024-05-28,Delivered,1
SL00782,Galle,Puttalam,294,Three Wheeler,Same-Day,Stormy,1,2,WH004,Southern,4500,Yes,No,LED Television,Electronics,15.0,122,100,Yes,No,Anti-static box with foam,600,Yes,No,13560.0,2025-05-02,Delivered,0
SL00783,Negombo,Monaragala,222,Van,Standard,Foggy,2,2,WH010,Western,4000,Yes,Yes,Auto Spare Parts,Auto Parts,25.0,191,50,Yes,No,Reinforced carton,450,No,No,6270.0,2025-04-10,Delivered,1
SL00784,Batticaloa,Matara,305,Three Wheeler,Same-Day,Rainy,2,2,WH008,Eastern,2500,No,No,LED Television,Electronics,15.0,258,50,Yes,No,Anti-static box with foam,600,Yes,No,13790.0,2024-12-05,Delivered,1
SL00785,Galle,Vavuniya,395,Motorbike,Express,Clear,2,2,WH004,Southern,4500,Yes,No,Glass Vase Set,Fragile Items,4.0,57,25,Yes,No,Bubble wrap and double box,850,Yes,No,13870.0,2024-05-25,Delivered,1
SL00786,Batticaloa,Trincomalee,135,Three Wheeler,Standard,Clear,2,2,WH008,Eastern,2500,No,No,Books Bundle,Books,10.0,121,20,Yes,No,Corrugated box,200,No,No,3680.0,2024-09-25,Delivered,1
SL00787,Kurunegala,Ampara,191,Van,Express,Rainy,1,1,WH006,North Western,4000,Yes,No,Dining Table,Furniture,35.0,3,25,Yes,Yes,Corner guards and blankets,700,No,No,8220.0,2024-05-20,Delivered,1
SL00788,Gampaha,Ratnapura,83,Motorbike,Express,Cloudy,1,2,WH002,Western,6000,Yes,No,Glass Vase Set,Fragile Items,4.0,209,25,Yes,No,Bubble wrap and double box,850,Yes,No,4310.0,2025-03-20,Delayed,0
SL00789,Gampaha,Negombo,27,Van,Express,Rainy,1,1,WH002,Western,6000,Yes,No,Washing Machine,Appliances,40.0,7,100,Yes,Yes,Wooden crate,1200,No,No,4340.0,2025-03-15,Delivered,1
SL00790,Colombo,Kegalle,78,Motorbike,Express,Foggy,1,1,WH001,Western,10000,Yes,Yes,Medicine Pack,Pharmacy,0.5,96,25,Yes,No,Sealed insulated pack,500,No,Yes,3520.0,2024-05-09,Delivered,1
SL00791,Negombo,Gampaha,27,Motorbike,Express,Clear,1,1,WH010,Western,4000,Yes,Yes,Documents Package,Documents,0.5,359,50,Yes,No,Padded envelope,150,No,No,1370.0,2025-02-01,Delivered,1
SL00792,Kurunegala,Gampaha,78,Motorbike,Economy,Rainy,4,6,WH006,North Western,4000,Yes,No,Documents Package,Documents,0.5,211,50,Yes,No,Padded envelope,150,No,No,1850.0,2025-05-21,Delayed,0
SL00793,Jaffna,Polonnaruwa,285,Three Wheeler,Economy,Foggy,4,4,WH005,Northern,3500,No,No,Frozen Food Pack,Groceries,15.0,126,20,Yes,No,Insulated box,400,No,Yes,5910.0,2024-08-11,Delivered,1
SL00794,Anuradhapura,Vavuniya,75,Three Wheeler,Express,Cloudy,1,1,WH007,North Central,3000,No,No,Books Bundle,Books,10.0,63,20,Yes,No,Corrugated box,200,No,No,3260.0,2025-03-31,Failed,0
SL00795,Kurunegala,Batticaloa,194,Motorbike,Same-Day,Stormy,1,1,WH006,North Western,4000,Yes,No,Documents Package,Documents,0.5,192,40,Yes,No,Padded envelope,150,No,No,8380.0,2025-05-24,Delivered,1
SL00796,Jaffna,Vavuniya,145,Motorbike,Same-Day,Rainy,1,1,WH005,Northern,3500,No,No,Mobile Phone,Electronics,0.3,155,100,Yes,No,Anti-static box with foam,600,Yes,No,6830.0,2024-03-25,Delivered,1
SL00797,Matara,Puttalam,317,Three Wheeler,Same-Day,Cloudy,2,2,WH009,Southern,3000,Yes,No,Books Bundle,Books,10.0,70,10,Yes,No,Corrugated box,200,No,No,13790.0,2025-07-13,Delivered,1
SL00798,Kurunegala,Trincomalee,199,Three Wheeler,Standard,Cloudy,2,2,WH006,North Western,4000,Yes,No,Ceramic Dinnerware Set,Fragile Items,6.0,369,25,Yes,No,Bubble wrap and double box,850,Yes,No,5960.0,2024-05-21,Delivered,1
SL00799,Jaffna,Colombo,400,Lorry,Standard,Cloudy,3,3,WH005,Northern,3500,No,No,Furniture Set,Furniture,80.0,226,40,Yes,No,Corner guards and blankets,700,No,No,13180.0,2024-01-13,Delivered,1
SL00800,Matara,Negombo,208,Three Wheeler,Economy,Rainy,4,4,WH009,Southern,3000,Yes,No,Frozen Food Pack,Groceries,15.0,127,40,Yes,No,Insulated box,400,No,Yes,4780.0,2025-07-19,Delivered,1
SL00801,Batticaloa,Badulla,139,Van,Same-Day,Cloudy,1,1,WH008,Eastern,2500,No,No,Auto Spare Parts,Auto Parts,25.0,239,100,Yes,No,Reinforced carton,450,No,No,7820.0,2025-04-05,Delivered,1
SL00802,Colombo,Nuwara Eliya,180,Lorry,Express,Foggy,1,1,WH001,Western,10000,Yes,Yes,Furniture Set,Furniture,80.0,176,100,Yes,No,Corner guards and blankets,700,No,No,10930.0,2024-12-29,Delivered,1
SL00803,Galle,Hambantota,120,Motorbike,Economy,Stormy,4,4,WH004,Southern,4500,Yes,No,Mobile Phone,Electronics,0.3,373,50,Yes,No,Anti-static box with foam,600,Yes,No,2790.0,2024-02-02,Delivered,1
SL00804,Kandy,Badulla,130,Three Wheeler,Economy,Stormy,4,4,WH003,Central,5000,Yes,Yes,Office Chair,Furniture,12.0,220,10,Yes,No,Corner guards and blankets,700,No,No,3590.0,2024-12-02,Delivered,1
SL00805,Jaffna,Galle,525,Van,Express,Clear,2,5,WH005,Northern,3500,No,No,Auto Spare Parts,Auto Parts,25.0,110,10,Yes,No,Reinforced carton,450,No,No,18420.0,2024-07-10,Delayed,0
SL00806,Gampaha,Nuwara Eliya,113,Three Wheeler,Standard,Rainy,2,2,WH002,Western,6000,Yes,No,Ceramic Dinnerware Set,Fragile Items,6.0,357,50,Yes,No,Bubble wrap and double box,850,Yes,No,3860.0,2025-01-12,Delivered,1
SL00807,Colombo,Trincomalee,260,Motorbike,Standard,Stormy,2,2,WH001,Western,10000,Yes,Yes,Documents Package,Documents,0.5,76,20,Yes,No,Padded envelope,150,No,No,6460.0,2025-02-02,Delivered,1
SL00808,Kandy,Batticaloa,165,Three Wheeler,Standard,Stormy,2,3,WH003,Central,5000,Yes,Yes,Ceramic Dinnerware Set,Fragile Items,6.0,360,40,Yes,No,Bubble wrap and double box,850,Yes,No,5350.0,2024-07-26,Delivered,0
SL00809,Batticaloa,Kurunegala,194,Motorbike,Express,Clear,1,1,WH008,Eastern,2500,No,No,Documents Package,Documents,0.5,248,10,Yes,No,Padded envelope,150,No,No,6730.0,2024-09-09,Delivered,1
SL00810,Kurunegala,Polonnaruwa,112,Motorbike,Economy,Stormy,4,4,WH006,North Western,4000,Yes,No,Documents Package,Documents,0.5,40,100,Yes,Yes,Padded envelope,150,No,No,2530.0,2025-04-12,Delivered,1
SL00811,Jaffna,Vavuniya,145,Van,Express,Stormy,1,1,WH005,Northern,3500,No,No,Air Conditioner,Appliances,45.0,336,100,Yes,No,Wooden crate,1200,No,No,8850.0,2024-07-06,Delivered,1
SL00812,Anuradhapura,Monaragala,248,Motorbike,Same-Day,Rainy,1,4,WH007,North Central,3000,No,No,Laptop,Electronics,2.5,100,25,Yes,No,Anti-static box with foam,600,Yes,No,10910.0,2024-03-09,Delayed,0
SL00813,Batticaloa,Hambantota,245,Three Wheeler,Same-Day,Cloudy,1,1,WH008,Eastern,2500,No,No,Ceramic Dinnerware Set,Fragile Items,6.0,2,50,Yes,Yes,Bubble wrap and double box,850,Yes,No,12030.0,2025-02-23,Failed,0
SL00814,Kandy,Kurunegala,42,Van,Express,Foggy,1,2,WH003,Central,5000,Yes,Yes,Auto Spare Parts,Auto Parts,25.0,0,10,No,Yes,Reinforced carton,450,No,No,3510.0,2025-04-17,Delivered,0
SL00815,Kurunegala,Kilinochchi,276,Motorbike,Economy,Rainy,4,4,WH006,North Western,4000,Yes,No,Glass Vase Set,Fragile Items,4.0,25,25,Yes,Yes,Bubble wrap and double box,850,Yes,No,6300.0,2024-05-19,Delivered,1
SL00816,Batticaloa,Gampaha,261,Motorbike,Economy,Clear,4,6,WH008,Eastern,2500,No,No,Mobile Phone,Electronics,0.3,11,20,Yes,Yes,Anti-static box with foam,600,Yes,No,5220.0,2024-10-12,Delayed,0
SL00817,Kandy,Colombo,115,Van,Same-Day,Rainy,1,1,WH003,Central,5000,Yes,Yes,Dining Table,Furniture,35.0,293,100,Yes,No,Corner guards and blankets,700,No,No,7710.0,2024-01-12,Delivered,1
SL00818,Kandy,Kalutara,140,Three Wheeler,Standard,Rainy,2,2,WH003,Central,5000,Yes,Yes,Fresh Vegetables Crate,Groceries,20.0,37,100,Yes,Yes,Insulated box,400,No,Yes,4350.0,2024-02-18,Delivered,1
SL00819,Gampaha,Nuwara Eliya,113,Motorbike,Standard,Stormy,2,3,WH002,Western,6000,Yes,No,Documents Package,Documents,0.5,0,10,No,Yes,Padded envelope,150,No,No,3090.0,2024-09-12,Delivered,0
SL00820,Galle,Batticaloa,323,Van,Same-Day,Clear,2,2,WH004,Southern,4500,Yes,No,Air Conditioner,Appliances,45.0,27,25,Yes,No,Wooden crate,1200,No,No,17980.0,2024-03-05,Delivered,1
SL00821,Gampaha,Dambulla,146,Motorbike,Express,Rainy,1,1,WH002,Western,6000,Yes,No,Medicine Pack,Pharmacy,0.5,0,50,No,Yes,Sealed insulated pack,500,No,Yes,5740.0,2024-11-26,Delivered,1
SL00822,Galle,Kegalle,177,Lorry,Express,Foggy,1,1,WH004,Southern,4500,Yes,No,Furniture Set,Furniture,80.0,239,10,Yes,No,Corner guards and blankets,700,No,No,10390.0,2024-06-26,Delivered,1
SL00823,Anuradhapura,Chilaw,136,Lorry,Standard,Clear,2,2,WH007,North Central,3000,No,No,Refrigerator,Appliances,55.0,254,20,Yes,No,Wooden crate,1200,No,No,6620.0,2024-10-12,Delivered,1
SL00824,Colombo,Jaffna,400,Van,Express,Stormy,2,3,WH001,Western,10000,Yes,Yes,Air Conditioner,Appliances,45.0,326,40,Yes,No,Wooden crate,1200,No,No,16960.0,2025-08-05,Delivered,0
SL00825,Jaffna,Negombo,355,Van,Standard,Stormy,3,3,WH005,Northern,3500,No,No,Dining Table,Furniture,35.0,375,20,Yes,No,Corner guards and blankets,700,No,No,10500.0,2024-11-21,Delivered,1
SL00826,Gampaha,Ratnapura,83,Three Wheeler,Same-Day,Foggy,1,2,WH002,Western,6000,Yes,No,Frozen Food Pack,Groceries,15.0,249,40,Yes,No,Insulated box,400,No,Yes,5030.0,2024-01-14,Delivered,0
SL00827,Colombo,Kegalle,78,Motorbike,Same-Day,Cloudy,1,2,WH001,Western,10000,Yes,Yes,Medicine Pack,Pharmacy,0.5,239,20,Yes,No,Sealed insulated pack,500,No,Yes,3950.0,2025-01-18,Delayed,0
SL00828,Jaffna,Batticaloa,369,Three Wheeler,Express,Stormy,2,6,WH005,Northern,3500,No,No,Frozen Food Pack,Groceries,15.0,39,20,Yes,No,Insulated box,400,No,Yes,12950.0,2024-12-02,Delayed,0
SL00829,Jaffna,Badulla,413,Three Wheeler,Same-Day,Foggy,2,3,WH005,Northern,3500,No,No,Office Chair,Furniture,12.0,232,100,Yes,No,Corner guards and blankets,700,No,No,17840.0,2024-12-05,Delivered,0
SL00830,Galle,Batticaloa,323,Motorbike,Same-Day,Rainy,2,2,WH004,Southern,4500,Yes,No,Mobile Phone,Electronics,0.3,376,100,Yes,No,Anti-static box with foam,600,Yes,No,14300.0,2025-01-25,Delivered,1
SL00831,Kurunegala,Anuradhapura,110,Motorbike,Economy,Clear,4,4,WH006,North Western,4000,Yes,No,Documents Package,Documents,0.5,8,10,Yes,Yes,Padded envelope,150,No,No,2220.0,2024-05-24,Delivered,1
SL00832,Kandy,Jaffna,335,Three Wheeler,Express,Foggy,2,2,WH003,Central,5000,Yes,Yes,Ceramic Dinnerware Set,Fragile Items,6.0,124,20,Yes,No,Bubble wrap and double box,850,Yes,No,12380.0,2024-11-14,Delivered,1
SL00833,Galle,Matara,45,Van,Economy,Rainy,4,4,WH004,Southern,4500,Yes,No,Dining Table,Furniture,35.0,175,25,Yes,No,Corner guards and blankets,700,No,No,2720.0,2024-07-25,Delivered,1
SL00834,Batticaloa,Galle,323,Three Wheeler,Standard,Stormy,3,3,WH008,Eastern,2500,No,No,Fresh Vegetables Crate,Groceries,20.0,261,40,Yes,No,Insulated box,400,No,Yes,8870.0,2024-06-08,Delivered,1
SL00835,Colombo,Vavuniya,255,Three Wheeler,Economy,Clear,4,4,WH001,Western,10000,Yes,Yes,Frozen Food Pack,Groceries,15.0,173,50,Yes,No,Insulated box,400,No,Yes,5330.0,2024-06-28,Delivered,1
SL00836,Anuradhapura,Kalutara,257,Three Wheeler,Standard,Stormy,2,2,WH007,North Central,3000,No,No,Fresh Vegetables Crate,Groceries,20.0,307,50,Yes,No,Insulated box,400,No,Yes,6770.0,2025-04-25,Delivered,1
SL00837,Kandy,Batticaloa,165,Three Wheeler,Same-Day,Clear,1,1,WH003,Central,5000,Yes,Yes,Ceramic Dinnerware Set,Fragile Items,6.0,393,100,Yes,No,Bubble wrap and double box,850,Yes,No,8380.0,2025-03-01,Delivered,1
SL00838,Kurunegala,Vavuniya,183,Motorbike,Economy,Cloudy,4,4,WH006,North Western,4000,Yes,No,Glass Vase Set,Fragile Items,4.0,321,10,Yes,No,Bubble wrap and double box,850,Yes,No,4710.0,2024-05-07,Delivered,1
SL00839,Negombo,Trincomalee,279,Motorbike,Express,Stormy,1,2,WH010,Western,4000,Yes,Yes,Glass Vase Set,Fragile Items,4.0,389,25,Yes,No,Bubble wrap and double box,850,Yes,No,10350.0,2025-01-12,Delivered,0
SL00840,Anuradhapura,Hambantota,332,Three Wheeler,Express,Rainy,2,5,WH007,North Central,3000,No,No,LED Television,Electronics,15.0,205,100,Yes,No,Anti-static box with foam,600,Yes,No,11310.0,2024-05-31,Delayed,0
SL00841,Negombo,Kalutara,92,Three Wheeler,Express,Cloudy,1,1,WH010,Western,4000,Yes,Yes,Fresh Vegetables Crate,Groceries,20.0,316,100,Yes,No,Insulated box,400,No,Yes,4360.0,2024-04-04,Delivered,1
SL00842,Anuradhapura,Monaragala,248,Motorbike,Same-Day,Foggy,1,1,WH007,North Central,3000,No,No,Glass Vase Set,Fragile Items,4.0,236,20,Yes,No,Bubble wrap and double box,850,Yes,No,11260.0,2025-06-29,Delivered,1
SL00843,Negombo,Ratnapura,111,Motorbike,Economy,Clear,4,4,WH010,Western,4000,Yes,Yes,Glass Vase Set,Fragile Items,4.0,10,25,Yes,Yes,Bubble wrap and double box,850,Yes,No,3090.0,2024-08-02,Delivered,1
SL00844,Jaffna,Colombo,400,Motorbike,Express,Stormy,2,3,WH005,Northern,3500,No,No,Glass Vase Set,Fragile Items,4.0,0,10,No,Yes,Bubble wrap and double box,850,Yes,No,13970.0,2024-10-22,Failed,0
SL00845,Kandy,Trincomalee,180,Three Wheeler,Standard,Rainy,2,2,WH003,Central,5000,Yes,Yes,Cotton Clothing Bale,Clothing,8.0,121,40,Yes,No,Poly mailer bag,120,No,No,4710.0,2024-04-22,Delivered,1
SL00846,Negombo,Batticaloa,276,Van,Express,Rainy,1,1,WH010,Western,4000,Yes,Yes,Auto Spare Parts,Auto Parts,25.0,0,20,No,Yes,Reinforced carton,450,No,No,10240.0,2025-02-22,Failed,0
SL00847,Negombo,Jaffna,355,Van,Express,Clear,2,2,WH010,Western,4000,Yes,Yes,Auto Spare Parts,Auto Parts,25.0,213,10,Yes,No,Reinforced carton,450,No,No,12360.0,2024-01-31,Delivered,1
SL00848,Batticaloa,Gampaha,261,Motorbike,Same-Day,Clear,1,4,WH008,Eastern,2500,No,No,Medicine Pack,Pharmacy,0.5,13,10,Yes,No,Sealed insulated pack,500,No,Yes,11980.0,2024-02-12,Delayed,0
SL00849,Galle,Puttalam,294,Motorbike,Same-Day,Stormy,1,2,WH004,Southern,4500,Yes,No,Laptop,Electronics,2.5,156,40,Yes,No,Anti-static box with foam,600,Yes,No,13260.0,2024-12-10,Delivered,0
SL00850,Kurunegala,Badulla,123,Van,Express,Cloudy,1,1,WH006,North Western,4000,Yes,No,Air Conditioner,Appliances,45.0,213,50,Yes,No,Wooden crate,1200,No,No,8200.0,2024-12-04,Delivered,1
SL00851,Colombo,Kalutara,42,Motorbike,Economy,Rainy,4,4,WH001,Western,10000,Yes,Yes,Laptop,Electronics,2.5,0,10,No,Yes,Anti-static box with foam,600,Yes,No,1610.0,2024-09-11,Delivered,1
SL00852,Batticaloa,Kegalle,205,Van,Economy,Foggy,4,6,WH008,Eastern,2500,No,No,Air Conditioner,Appliances,45.0,116,10,Yes,No,Wooden crate,1200,No,No,6250.0,2024-02-16,Delayed,0
SL00853,Batticaloa,Matara,305,Motorbike,Economy,Stormy,5,6,WH008,Eastern,2500,No,No,Mobile Phone,Electronics,0.3,61,25,Yes,No,Anti-static box with foam,600,Yes,No,6660.0,2025-05-02,Delivered,0
SL00854,Anuradhapura,Ratnapura,235,Motorbike,Express,Rainy,1,1,WH007,North Central,3000,No,No,Laptop,Electronics,2.5,312,100,Yes,No,Anti-static box with foam,600,Yes,No,7910.0,2025-05-24,Delivered,1
SL00855,Jaffna,Dambulla,275,Van,Economy,Rainy,4,7,WH005,Northern,3500,No,No,Washing Machine,Appliances,40.0,79,40,Yes,No,Wooden crate,1200,No,No,7210.0,2024-08-04,Delayed,0
SL00856,Gampaha,Jaffna,371,Van,Economy,Clear,5,5,WH002,Western,6000,Yes,No,Dining Table,Furniture,35.0,15,25,Yes,Yes,Corner guards and blankets,700,No,No,8850.0,2024-08-13,Delivered,1
SL00857,Batticaloa,Dambulla,151,Three Wheeler,Same-Day,Rainy,1,1,WH008,Eastern,2500,No,No,Fresh Vegetables Crate,Groceries,20.0,344,100,Yes,No,Insulated box,400,No,Yes,7790.0,2024-12-06,Delivered,1
SL00858,Negombo,Kegalle,73,Motorbike,Same-Day,Cloudy,1,1,WH010,Western,4000,Yes,Yes,Medicine Pack,Pharmacy,0.5,387,100,Yes,No,Sealed insulated pack,500,No,Yes,4130.0,2025-07-29,Failed,0
SL00859,Galle,Matara,45,Three Wheeler,Standard,Clear,2,2,WH004,Southern,4500,Yes,No,Cotton Clothing Bale,Clothing,8.0,77,10,Yes,No,Poly mailer bag,120,No,No,1760.0,2024-07-11,Delivered,1
SL00860,Negombo,Nuwara Eliya,137,Motorbike,Express,Cloudy,1,1,WH010,Western,4000,Yes,Yes,Laptop,Electronics,2.5,315,100,Yes,No,Anti-static box with foam,600,Yes,No,5270.0,2025-07-02,Delivered,1
SL00861,Anuradhapura,Hambantota,332,Three Wheeler,Standard,Cloudy,3,6,WH007,North Central,3000,No,No,Ceramic Dinnerware Set,Fragile Items,6.0,84,50,Yes,No,Bubble wrap and double box,850,Yes,No,8860.0,2024-04-19,Delayed,0
SL00862,Colombo,Ampara,360,Motorbike,Economy,Cloudy,5,5,WH001,Western,10000,Yes,Yes,Glass Vase Set,Fragile Items,4.0,5,20,Yes,Yes,Bubble wrap and double box,850,Yes,No,7800.0,2024-05-30,Delivered,1
SL00863,Kandy,Kilinochchi,306,Three Wheeler,Same-Day,Foggy,2,2,WH003,Central,5000,Yes,Yes,Books Bundle,Books,10.0,277,100,Yes,No,Corrugated box,200,No,No,14280.0,2025-08-10,Delivered,1
SL00864,Galle,Gampaha,156,Three Wheeler,Standard,Stormy,2,3,WH004,Southern,4500,Yes,No,Frozen Food Pack,Groceries,15.0,0,25,No,Yes,Insulated box,400,No,Yes,4510.0,2024-08-18,Delivered,0
SL00865,Kandy,Gampaha,96,Three Wheeler,Economy,Cloudy,4,4,WH003,Central,5000,Yes,Yes,LED Television,Electronics,15.0,357,20,Yes,No,Anti-static box with foam,600,Yes,No,3000.0,2024-12-11,Delivered,1
SL00866,Batticaloa,Nuwara Eliya,171,Three Wheeler,Economy,Stormy,4,5,WH008,Eastern,2500,No,No,Cotton Clothing Bale,Clothing,8.0,12,25,Yes,Yes,Poly mailer bag,120,No,No,3480.0,2025-07-15,Delivered,0
SL00867,Gampaha,Negombo,27,Motorbike,Standard,Foggy,2,2,WH002,Western,6000,Yes,No,Glass Vase Set,Fragile Items,4.0,47,100,Yes,Yes,Bubble wrap and double box,850,Yes,No,1810.0,2024-05-20,Delivered,1
SL00868,Batticaloa,Ratnapura,239,Van,Express,Rainy,1,2,WH008,Eastern,2500,No,No,Auto Spare Parts,Auto Parts,25.0,120,100,Yes,No,Reinforced carton,450,No,No,9370.0,2025-08-12,Delayed,0
SL00869,Kandy,Vavuniya,211,Motorbike,Economy,Rainy,4,4,WH003,Central,5000,Yes,Yes,Laptop,Electronics,2.5,69,25,Yes,No,Anti-static box with foam,600,Yes,No,4460.0,2024-02-23,Delivered,1
SL00870,Matara,Chilaw,258,Motorbike,Standard,Foggy,2,4,WH009,Southern,3000,Yes,No,Laptop,Electronics,2.5,96,100,Yes,Yes,Anti-static box with foam,600,Yes,No,6370.0,2025-02-10,Delayed,0
SL00871,Jaffna,Monaragala,445,Three Wheeler,Express,Stormy,2,3,WH005,Northern,3500,No,No,Frozen Food Pack,Groceries,15.0,363,100,Yes,No,Insulated box,400,No,Yes,16190.0,2025-01-26,Delivered,0
SL00872,Batticaloa,Nuwara Eliya,171,Three Wheeler,Same-Day,Clear,1,4,WH008,Eastern,2500,No,No,Fresh Vegetables Crate,Groceries,20.0,2,40,Yes,Yes,Insulated box,400,No,Yes,9570.0,2024-08-18,Delayed,0
SL00873,Negombo,Polonnaruwa,196,Lorry,Economy,Cloudy,4,4,WH010,Western,4000,Yes,Yes,Refrigerator,Appliances,55.0,68,50,Yes,No,Wooden crate,1200,No,No,6390.0,2025-03-20,Delivered,1
SL00874,Negombo,Anuradhapura,178,Three Wheeler,Same-Day,Cloudy,1,1,WH010,Western,4000,Yes,Yes,Books Bundle,Books,10.0,15,50,Yes,Yes,Corrugated box,200,No,No,8390.0,2024-01-21,Delivered,1
SL00875,Matara,Ampara,254,Motorbike,Economy,Clear,4,7,WH009,Southern,3000,Yes,No,Glass Vase Set,Fragile Items,4.0,319,50,Yes,No,Bubble wrap and double box,850,Yes,No,5430.0,2024-07-31,Delayed,0
SL00876,Kandy,Kegalle,40,Motorbike,Express,Clear,1,1,WH003,Central,5000,Yes,Yes,Laptop,Electronics,2.5,180,10,Yes,No,Anti-static box with foam,600,Yes,No,2270.0,2024-07-30,Delivered,1
SL00877,Gampaha,Ampara,244,Van,Standard,Clear,2,2,WH002,Western,6000,Yes,No,Dining Table,Furniture,35.0,2,50,Yes,Yes,Corner guards and blankets,700,No,No,7520.0,2025-07-11,Delivered,1
SL00878,Anuradhapura,Dambulla,65,Van,Same-Day,Rainy,1,4,WH007,North Central,3000,No,No,Dining Table,Furniture,35.0,285,25,Yes,No,Corner guards and blankets,700,No,No,6030.0,2025-08-13,Delayed,0
SL00879,Kurunegala,Puttalam,108,Three Wheeler,Standard,Foggy,2,3,WH006,North Western,4000,Yes,No,Frozen Food Pack,Groceries,15.0,127,100,Yes,No,Insulated box,400,No,Yes,3410.0,2024-02-07,Delivered,0
SL00880,Kandy,Ratnapura,94,Three Wheeler,Express,Rainy,1,1,WH003,Central,5000,Yes,Yes,Ceramic Dinnerware Set,Fragile Items,6.0,130,50,Yes,No,Bubble wrap and double box,850,Yes,No,4360.0,2025-03-08,Delivered,1
SL00881,Matara,Kurunegala,224,Van,Standard,Stormy,2,2,WH009,Southern,3000,Yes,No,Washing Machine,Appliances,40.0,103,40,Yes,No,Wooden crate,1200,No,No,7640.0,2025-03-11,Delivered,1
SL00882,Matara,Trincomalee,391,Three Wheeler,Same-Day,Cloudy,2,2,WH009,Southern,3000,Yes,No,Office Chair,Furniture,12.0,376,100,Yes,No,Corner guards and blankets,700,No,No,18180.0,2025-07-31,Delivered,1
SL00883,Negombo,Trincomalee,279,Motorbike,Economy,Rainy,4,4,WH010,Western,4000,Yes,Yes,Documents Package,Documents,0.5,242,40,Yes,No,Padded envelope,150,No,No,5710.0,2024-09-10,Delivered,1
SL00884,Jaffna,Negombo,355,Van,Same-Day,Foggy,2,2,WH005,Northern,3500,No,No,Washing Machine,Appliances,40.0,188,100,Yes,No,Wooden crate,1200,No,No,18070.0,2024-10-06,Delivered,1
SL00885,Galle,Kurunegala,212,Three Wheeler,Same-Day,Clear,1,1,WH004,Southern,4500,Yes,No,Office Chair,Furniture,12.0,133,40,Yes,No,Corner guards and blankets,700,No,No,10910.0,2024-05-06,Delivered,1
SL00886,Matara,Kilinochchi,499,Van,Standard,Foggy,3,3,WH009,Southern,3000,Yes,No,Dining Table,Furniture,35.0,270,10,Yes,No,Corner guards and blankets,700,No,No,13470.0,2024-10-15,Delivered,1
SL00887,Jaffna,Kegalle,351,Lorry,Same-Day,Clear,2,2,WH005,Northern,3500,No,No,Furniture Set,Furniture,80.0,13,40,Yes,Yes,Corner guards and blankets,700,No,No,19940.0,2025-06-28,Delivered,1
SL00888,Negombo,Vavuniya,241,Lorry,Economy,Foggy,4,5,WH010,Western,4000,Yes,Yes,Furniture Set,Furniture,80.0,1,100,Yes,Yes,Corner guards and blankets,700,No,No,7660.0,2024-05-26,Delivered,0
SL00889,Negombo,Kilinochchi,326,Motorbike,Standard,Clear,3,4,WH010,Western,4000,Yes,Yes,Glass Vase Set,Fragile Items,4.0,347,25,Yes,No,Bubble wrap and double box,850,Yes,No,8760.0,2025-03-04,Delayed,0
SL00890,Kandy,Kalutara,140,Van,Standard,Stormy,2,3,WH003,Central,5000,Yes,Yes,Auto Spare Parts,Auto Parts,25.0,161,40,Yes,No,Reinforced carton,450,No,No,5000.0,2024-08-22,Delivered,0
SL00891,Gampaha,Kurunegala,78,Three Wheeler,Economy,Cloudy,4,4,WH002,Western,6000,Yes,No,Books Bundle,Books,10.0,344,10,Yes,No,Corrugated box,200,No,No,2180.0,2024-04-05,Delivered,1
SL00892,Negombo,Kandy,113,Van,Same-Day,Cloudy,1,1,WH010,Western,4000,Yes,Yes,Dining Table,Furniture,35.0,272,10,Yes,No,Corner guards and blankets,700,No,No,8200.0,2024-05-19,Delivered,1
SL00893,Batticaloa,Puttalam,271,Three Wheeler,Same-Day,Stormy,1,1,WH008,Eastern,2500,No,No,Frozen Food Pack,Groceries,15.0,0,20,No,Yes,Insulated box,400,No,Yes,12610.0,2025-07-01,Failed,0
SL00894,Galle,Kilinochchi,487,Van,Same-Day,Foggy,2,2,WH004,Southern,4500,Yes,No,Air Conditioner,Appliances,45.0,106,100,Yes,No,Wooden crate,1200,No,No,23180.0,2024-03-17,Failed,0
SL00895,Kandy,Puttalam,156,Van,Standard,Clear,2,2,WH003,Central,5000,Yes,Yes,Air Conditioner,Appliances,45.0,214,20,Yes,No,Wooden crate,1200,No,No,7000.0,2024-12-12,Delivered,1
SL00896,Matara,Jaffna,541,Motorbike,Standard,Cloudy,3,3,WH009,Southern,3000,Yes,No,Medicine Pack,Pharmacy,0.5,155,20,Yes,No,Sealed insulated pack,500,No,Yes,13270.0,2025-08-05,Delivered,1
SL00897,Galle,Ratnapura,97,Motorbike,Same-Day,Stormy,1,1,WH004,Southern,4500,Yes,No,Glass Vase Set,Fragile Items,4.0,269,10,Yes,No,Bubble wrap and double box,850,Yes,No,5510.0,2024-11-01,Delivered,1
SL00898,Gampaha,Colombo,33,Van,Standard,Rainy,2,2,WH002,Western,6000,Yes,No,Air Conditioner,Appliances,45.0,24,10,Yes,No,Wooden crate,1200,No,No,3830.0,2024-03-27,Delivered,1
SL00899,Matara,Negombo,208,Motorbike,Economy,Clear,4,4,WH009,Southern,3000,Yes,No,Documents Package,Documents,0.5,23,20,Yes,No,Padded envelope,150,No,No,4190.0,2024-08-19,Failed,0
SL00900,Anuradhapura,Nuwara Eliya,200,Three Wheeler,Standard,Cloudy,2,2,WH007,North Central,3000,No,No,Frozen Food Pack,Groceries,15.0,113,50,Yes,No,Insulated box,400,No,Yes,5370.0,2025-03-25,Delivered,1
SL00901,Kandy,Anuradhapura,140,Van,Standard,Stormy,2,2,WH003,Central,5000,Yes,Yes,Auto Spare Parts,Auto Parts,25.0,0,100,No,Yes,Reinforced carton,450,No,No,4610.0,2024-05-16,Delivered,1
SL00902,Anuradhapura,Kilinochchi,157,Motorbike,Standard,Clear,2,4,WH007,North Central,3000,No,No,Glass Vase Set,Fragile Items,4.0,4,40,Yes,Yes,Bubble wrap and double box,850,Yes,No,4540.0,2025-05-15,Delayed,0
SL00903,Batticaloa,Dambulla,151,Lorry,Express,Cloudy,1,4,WH008,Eastern,2500,No,No,Furniture Set,Furniture,80.0,224,50,Yes,No,Corner guards and blankets,700,No,No,10250.0,2025-02-02,Delayed,0
SL00904,Gampaha,Jaffna,371,Three Wheeler,Same-Day,Rainy,2,2,WH002,Western,6000,Yes,No,Office Chair,Furniture,12.0,9,10,Yes,Yes,Corner guards and blankets,700,No,No,17290.0,2024-02-23,Failed,0
SL00905,Anuradhapura,Kegalle,153,Motorbike,Same-Day,Stormy,1,2,WH007,North Central,3000,No,No,Mobile Phone,Electronics,0.3,164,40,Yes,No,Anti-static box with foam,600,Yes,No,7030.0,2024-06-05,Delivered,0
SL00906,Kandy,Matara,194,Motorbike,Standard,Clear,2,4,WH003,Central,5000,Yes,Yes,Documents Package,Documents,0.5,378,20,Yes,No,Padded envelope,150,No,No,4580.0,2024-04-15,Delayed,0
SL00907,Negombo,Trincomalee,279,Motorbike,Express,Foggy,1,1,WH010,Western,4000,Yes,Yes,Documents Package,Documents,0.5,96,20,Yes,No,Padded envelope,150,No,No,8690.0,2024-07-15,Delivered,1
SL00908,Anuradhapura,Colombo,205,Three Wheeler,Express,Clear,1,1,WH007,North Central,3000,No,No,Office Chair,Furniture,12.0,214,40,Yes,No,Corner guards and blankets,700,No,No,7880.0,2024-08-24,Delivered,1
SL00909,Kurunegala,Hambantota,226,Motorbike,Economy,Clear,4,4,WH006,North Western,4000,Yes,No,Medicine Pack,Pharmacy,0.5,349,10,Yes,No,Sealed insulated pack,500,No,Yes,4520.0,2025-01-07,Delivered,1
SL00910,Kurunegala,Monaragala,167,Three Wheeler,Economy,Rainy,4,4,WH006,North Western,4000,Yes,No,Fresh Vegetables Crate,Groceries,20.0,44,20,Yes,No,Insulated box,400,No,Yes,3890.0,2024-11-25,Delivered,1
SL00911,Jaffna,Gampaha,371,Three Wheeler,Standard,Foggy,3,3,WH005,Northern,3500,No,No,Ceramic Dinnerware Set,Fragile Items,6.0,3,25,Yes,Yes,Bubble wrap and double box,850,Yes,No,9360.0,2024-04-09,Delivered,1
SL00912,Matara,Negombo,208,Lorry,Standard,Cloudy,2,2,WH009,Southern,3000,Yes,No,Refrigerator,Appliances,55.0,205,100,Yes,No,Wooden crate,1200,No,No,8180.0,2025-01-15,Failed,0
SL00913,Jaffna,Batticaloa,369,Motorbike,Economy,Clear,5,5,WH005,Northern,3500,No,No,Medicine Pack,Pharmacy,0.5,86,100,Yes,Yes,Sealed insulated pack,500,No,Yes,7420.0,2024-02-12,Failed,0
SL00914,Galle,Monaragala,202,Three Wheeler,Economy,Clear,4,4,WH004,Southern,4500,Yes,No,Ceramic Dinnerware Set,Fragile Items,6.0,9,50,Yes,Yes,Bubble wrap and double box,850,Yes,No,4730.0,2025-04-30,Delivered,1
SL00915,Matara,Kilinochchi,499,Three Wheeler,Express,Clear,2,4,WH009,Southern,3000,Yes,No,Ceramic Dinnerware Set,Fragile Items,6.0,7,50,Yes,Yes,Bubble wrap and double box,850,Yes,No,18030.0,2025-07-27,Delayed,0
SL00916,Kurunegala,Kalutara,143,Van,Same-Day,Stormy,1,2,WH006,North Western,4000,Yes,No,Air Conditioner,Appliances,45.0,7,50,Yes,Yes,Wooden crate,1200,No,No,9860.0,2024-10-07,Delivered,0
SL00917,Jaffna,Kandy,335,Three Wheeler,Same-Day,Rainy,2,5,WH005,Northern,3500,No,No,Office Chair,Furniture,12.0,223,40,Yes,No,Corner guards and blankets,700,No,No,16210.0,2024-03-17,Delayed,0
SL00918,Batticaloa,Puttalam,271,Van,Economy,Foggy,4,4,WH008,Eastern,2500,No,No,Dining Table,Furniture,35.0,225,50,Yes,No,Corner guards and blankets,700,No,No,6290.0,2025-08-08,Delivered,1
SL00919,Negombo,Monaragala,222,Three Wheeler,Same-Day,Foggy,1,1,WH010,Western,4000,Yes,Yes,Ceramic Dinnerware Set,Fragile Items,6.0,382,100,Yes,No,Bubble wrap and double box,850,Yes,No,11190.0,2024-10-30,Delivered,1
SL00920,Matara,Jaffna,541,Three Wheeler,Express,Rainy,2,2,WH009,Southern,3000,Yes,No,Fresh Vegetables Crate,Groceries,20.0,0,20,No,Yes,Insulated box,400,No,Yes,17460.0,2024-05-31,Delivered,1
SL00921,Kandy,Kurunegala,42,Three Wheeler,Same-Day,Rainy,1,1,WH003,Central,5000,Yes,Yes,Fresh Vegetables Crate,Groceries,20.0,127,50,Yes,No,Insulated box,400,No,Yes,3630.0,2024-12-21,Delivered,1
SL00922,Kurunegala,Galle,212,Van,Standard,Rainy,2,2,WH006,North Western,4000,Yes,No,Air Conditioner,Appliances,45.0,333,25,Yes,No,Wooden crate,1200,No,No,8340.0,2024-01-11,Delivered,1
SL00923,Galle,Kilinochchi,487,Van,Standard,Rainy,3,6,WH004,Southern,4500,Yes,No,Air Conditioner,Appliances,45.0,28,50,Yes,Yes,Wooden crate,1200,No,No,13170.0,2025-01-26,Delayed,0
SL00924,Negombo,Ampara,264,Three Wheeler,Express,Stormy,1,2,WH010,Western,4000,Yes,Yes,Fresh Vegetables Crate,Groceries,20.0,157,20,Yes,No,Insulated box,400,No,Yes,10530.0,2025-02-08,Delivered,0
SL00925,Batticaloa,Matara,305,Three Wheeler,Economy,Cloudy,5,5,WH008,Eastern,2500,No,No,Office Chair,Furniture,12.0,8,10,Yes,Yes,Corner guards and blankets,700,No,No,6410.0,2024-07-08,Delivered,1
SL00926,Galle,Polonnaruwa,297,Van,Economy,Rainy,4,4,WH004,Southern,4500,Yes,No,Dining Table,Furniture,35.0,30,25,Yes,No,Corner guards and blankets,700,No,No,7600.0,2025-02-07,Delivered,1
SL00927,Gampaha,Negombo,27,Three Wheeler,Same-Day,Stormy,1,2,WH002,Western,6000,Yes,No,Ceramic Dinnerware Set,Fragile Items,6.0,350,40,Yes,No,Bubble wrap and double box,850,Yes,No,2720.0,2024-01-13,Delivered,0
SL00928,Anuradhapura,Vavuniya,75,Motorbike,Same-Day,Clear,1,1,WH007,North Central,3000,No,No,Laptop,Electronics,2.5,349,10,Yes,No,Anti-static box with foam,600,Yes,No,4160.0,2024-03-26,Delivered,1
SL00929,Kandy,Chilaw,126,Three Wheeler,Same-Day,Clear,1,1,WH003,Central,5000,Yes,Yes,Fresh Vegetables Crate,Groceries,20.0,74,50,Yes,No,Insulated box,400,No,Yes,7580.0,2024-03-28,Failed,0
SL00930,Kandy,Gampaha,96,Three Wheeler,Economy,Rainy,4,4,WH003,Central,5000,Yes,Yes,Ceramic Dinnerware Set,Fragile Items,6.0,265,20,Yes,No,Bubble wrap and double box,850,Yes,No,2790.0,2024-09-30,Delivered,1
SL00931,Gampaha,Colombo,33,Lorry,Same-Day,Clear,1,1,WH002,Western,6000,Yes,No,Furniture Set,Furniture,80.0,72,50,Yes,No,Corner guards and blankets,700,No,No,7280.0,2024-08-17,Delivered,1
SL00932,Galle,Hambantota,120,Lorry,Economy,Rainy,4,6,WH004,Southern,4500,Yes,No,Refrigerator,Appliances,55.0,166,20,Yes,No,Wooden crate,1200,No,No,5280.0,2024-04-25,Delayed,0
SL00933,Kandy,Negombo,113,Three Wheeler,Express,Clear,1,1,WH003,Central,5000,Yes,Yes,Frozen Food Pack,Groceries,15.0,164,25,Yes,No,Insulated box,400,No,Yes,5170.0,2024-05-01,Delivered,1
SL00934,Gampaha,Kandy,96,Van,Express,Rainy,1,1,WH002,Western,6000,Yes,No,Air Conditioner,Appliances,45.0,191,50,Yes,No,Wooden crate,1200,No,No,7020.0,2024-06-02,Delivered,1
SL00935,Negombo,Ratnapura,111,Three Wheeler,Standard,Clear,2,2,WH010,Western,4000,Yes,Yes,Books Bundle,Books,10.0,275,100,Yes,No,Corrugated box,200,No,No,3520.0,2024-03-19,Delivered,1
SL00936,Kandy,Chilaw,126,Lorry,Express,Cloudy,1,1,WH003,Central,5000,Yes,Yes,Refrigerator,Appliances,55.0,8,100,Yes,Yes,Wooden crate,1200,No,No,8640.0,2024-04-25,Delivered,1
SL00937,Jaffna,Anuradhapura,195,Three Wheeler,Same-Day,Cloudy,1,1,WH005,Northern,3500,No,No,Cotton Clothing Bale,Clothing,8.0,113,40,Yes,No,Poly mailer bag,120,No,No,8750.0,2025-03-10,Delivered,1
SL00938,Anuradhapura,Kegalle,153,Three Wheeler,Standard,Rainy,2,2,WH007,North Central,3000,No,No,Frozen Food Pack,Groceries,15.0,354,20,Yes,No,Insulated box,400,No,Yes,4580.0,2025-05-24,Delivered,1
SL00939,Matara,Gampaha,182,Lorry,Express,Stormy,1,1,WH009,Southern,3000,Yes,No,Furniture Set,Furniture,80.0,12,40,Yes,Yes,Corner guards and blankets,700,No,No,11040.0,2024-08-12,Delivered,1
SL00940,Galle,Nuwara Eliya,157,Van,Same-Day,Rainy,1,1,WH004,Southern,4500,Yes,No,Washing Machine,Appliances,40.0,28,25,Yes,No,Wooden crate,1200,No,No,10540.0,2024-05-16,Delivered,1
SL00941,Colombo,Nuwara Eliya,180,Motorbike,Standard,Rainy,2,2,WH001,Western,10000,Yes,Yes,Laptop,Electronics,2.5,93,50,Yes,No,Anti-static box with foam,600,Yes,No,4820.0,2024-08-17,Delivered,1
SL00942,Kandy,Negombo,113,Three Wheeler,Express,Stormy,1,1,WH003,Central,5000,Yes,Yes,LED Television,Electronics,15.0,376,40,Yes,No,Anti-static box with foam,600,Yes,No,5000.0,2025-08-18,Delivered,1
SL00943,Batticaloa,Kegalle,205,Van,Express,Clear,1,1,WH008,Eastern,2500,No,No,Washing Machine,Appliances,40.0,3,10,Yes,Yes,Wooden crate,1200,No,No,9410.0,2025-08-05,Delivered,1
SL00944,Kandy,Trincomalee,180,Three Wheeler,Economy,Rainy,4,4,WH003,Central,5000,Yes,Yes,Cotton Clothing Bale,Clothing,8.0,377,25,Yes,No,Poly mailer bag,120,No,No,3740.0,2024-12-11,Delivered,1
SL00945,Colombo,Ratnapura,100,Van,Same-Day,Rainy,1,1,WH001,Western,10000,Yes,Yes,Auto Spare Parts,Auto Parts,25.0,11,10,Yes,No,Reinforced carton,450,No,No,6820.0,2025-05-30,Delivered,1
SL00946,Colombo,Vavuniya,255,Van,Economy,Stormy,4,4,WH001,Western,10000,Yes,Yes,Dining Table,Furniture,35.0,152,50,Yes,No,Corner guards and blankets,700,No,No,6230.0,2024-06-09,Delivered,1
SL00947,Gampaha,Puttalam,137,Three Wheeler,Economy,Rainy,4,4,WH002,Western,6000,Yes,No,Fresh Vegetables Crate,Groceries,20.0,225,50,Yes,No,Insulated box,400,No,Yes,3510.0,2024-07-07,Delivered,1
SL00948,Negombo,Galle,179,Lorry,Economy,Stormy,4,4,WH010,Western,4000,Yes,Yes,Furniture Set,Furniture,80.0,348,40,Yes,No,Corner guards and blankets,700,No,No,6660.0,2025-03-10,Delivered,1
SL00949,Jaffna,Negombo,355,Three Wheeler,Same-Day,Clear,2,2,WH005,Northern,3500,No,No,Ceramic Dinnerware Set,Fragile Items,6.0,191,10,Yes,No,Bubble wrap and double box,850,Yes,No,15500.0,2025-07-08,Delivered,1
SL00950,Gampaha,Trincomalee,278,Motorbike,Same-Day,Cloudy,1,1,WH002,Western,6000,Yes,No,Laptop,Electronics,2.5,4,100,Yes,Yes,Anti-static box with foam,600,Yes,No,11980.0,2024-03-28,Delivered,1
SL00951,Negombo,Gampaha,27,Three Wheeler,Same-Day,Clear,1,1,WH010,Western,4000,Yes,Yes,LED Television,Electronics,15.0,178,10,Yes,No,Anti-static box with foam,600,Yes,No,3300.0,2025-02-11,Delivered,1
SL00952,Galle,Badulla,183,Motorbike,Economy,Cloudy,4,4,WH004,Southern,4500,Yes,No,Documents Package,Documents,0.5,379,100,Yes,No,Padded envelope,150,No,No,3580.0,2025-05-30,Delivered,1
SL00953,Matara,Negombo,208,Motorbike,Same-Day,Foggy,1,1,WH009,Southern,3000,Yes,No,Laptop,Electronics,2.5,264,50,Yes,No,Anti-static box with foam,600,Yes,No,9160.0,2025-04-19,Delivered,1
SL00954,Gampaha,Monaragala,197,Van,Express,Rainy,1,1,WH002,Western,6000,Yes,No,Washing Machine,Appliances,40.0,354,20,Yes,No,Wooden crate,1200,No,No,10040.0,2025-05-28,Failed,0
SL00955,Negombo,Chilaw,45,Motorbike,Standard,Stormy,2,3,WH010,Western,4000,Yes,Yes,Documents Package,Documents,0.5,193,25,Yes,No,Padded envelope,150,No,No,1560.0,2024-02-10,Delivered,0
SL00956,Galle,Batticaloa,323,Motorbike,Same-Day,Rainy,2,2,WH004,Southern,4500,Yes,No,Glass Vase Set,Fragile Items,4.0,274,10,Yes,No,Bubble wrap and double box,850,Yes,No,13860.0,2024-11-12,Delivered,1
SL00957,Gampaha,Kalutara,73,Lorry,Same-Day,Stormy,1,1,WH002,Western,6000,Yes,No,Furniture Set,Furniture,80.0,171,20,Yes,No,Corner guards and blankets,700,No,No,9090.0,2024-04-01,Delivered,1
SL00958,Kandy,Monaragala,119,Van,Economy,Cloudy,4,5,WH003,Central,5000,Yes,Yes,Washing Machine,Appliances,40.0,151,40,Yes,No,Wooden crate,1200,No,No,4990.0,2025-08-05,Delayed,0
SL00959,Colombo,Nuwara Eliya,180,Three Wheeler,Standard,Stormy,2,2,WH001,Western,10000,Yes,Yes,Frozen Food Pack,Groceries,15.0,337,100,Yes,No,Insulated box,400,No,Yes,5250.0,2024-11-17,Delivered,1
SL00960,Gampaha,Dambulla,146,Van,Economy,Foggy,4,7,WH002,Western,6000,Yes,No,Air Conditioner,Appliances,45.0,369,10,Yes,No,Wooden crate,1200,No,No,5540.0,2025-07-28,Delayed,0
SL00961,Kandy,Negombo,113,Lorry,Standard,Stormy,2,2,WH003,Central,5000,Yes,Yes,Refrigerator,Appliances,55.0,7,10,Yes,Yes,Wooden crate,1200,No,No,5940.0,2024-04-05,Delivered,1
SL00962,Batticaloa,Kalutara,299,Van,Economy,Clear,4,4,WH008,Eastern,2500,No,No,Air Conditioner,Appliances,45.0,12,10,Yes,No,Wooden crate,1200,No,No,8340.0,2024-07-23,Delivered,1
SL00963,Kurunegala,Galle,212,Motorbike,Standard,Cloudy,2,5,WH006,North Western,4000,Yes,No,Glass Vase Set,Fragile Items,4.0,268,20,Yes,No,Bubble wrap and double box,850,Yes,No,5990.0,2024-10-12,Delayed,0
SL00964,Colombo,Ampara,360,Van,Express,Stormy,2,2,WH001,Western,10000,Yes,Yes,Auto Spare Parts,Auto Parts,25.0,4,25,Yes,Yes,Reinforced carton,450,No,No,13500.0,2025-01-24,Delivered,1
SL00965,Kurunegala,Hambantota,226,Three Wheeler,Economy,Rainy,4,4,WH006,North Western,4000,Yes,No,LED Television,Electronics,15.0,0,10,No,Yes,Anti-static box with foam,600,Yes,No,5420.0,2024-10-03,Failed,0
SL00966,Kandy,Jaffna,335,Three Wheeler,Express,Clear,2,4,WH003,Central,5000,Yes,Yes,Fresh Vegetables Crate,Groceries,20.0,61,25,Yes,No,Insulated box,400,No,Yes,12870.0,2025-06-21,Delayed,0
SL00967,Jaffna,Trincomalee,233,Three Wheeler,Same-Day,Clear,1,1,WH005,Northern,3500,No,No,Ceramic Dinnerware Set,Fragile Items,6.0,239,25,Yes,No,Bubble wrap and double box,850,Yes,No,10790.0,2024-07-22,Failed,0
SL00968,Anuradhapura,Gampaha,185,Van,Economy,Foggy,4,4,WH007,North Central,3000,No,No,Air Conditioner,Appliances,45.0,102,100,Yes,No,Wooden crate,1200,No,No,6180.0,2025-02-02,Delivered,1
SL00969,Matara,Kegalle,189,Lorry,Express,Clear,1,1,WH009,Southern,3000,Yes,No,Refrigerator,Appliances,55.0,316,50,Yes,No,Wooden crate,1200,No,No,9990.0,2024-11-20,Delivered,1
SL00970,Kandy,Kalutara,140,Lorry,Express,Stormy,1,1,WH003,Central,5000,Yes,Yes,Refrigerator,Appliances,55.0,78,100,Yes,Yes,Wooden crate,1200,No,No,8980.0,2025-04-06,Delivered,1
SL00971,Batticaloa,Chilaw,272,Three Wheeler,Same-Day,Clear,1,4,WH008,Eastern,2500,No,No,Office Chair,Furniture,12.0,116,40,Yes,No,Corner guards and blankets,700,No,No,13390.0,2025-01-21,Delayed,0
SL00972,Kurunegala,Trincomalee,199,Three Wheeler,Express,Foggy,1,1,WH006,North Western,4000,Yes,No,Ceramic Dinnerware Set,Fragile Items,6.0,209,25,Yes,No,Bubble wrap and double box,850,Yes,No,7560.0,2024-05-07,Delivered,1
SL00973,Batticaloa,Hambantota,245,Three Wheeler,Economy,Cloudy,4,4,WH008,Eastern,2500,No,No,Frozen Food Pack,Groceries,15.0,297,40,Yes,No,Insulated box,400,No,Yes,5780.0,2024-12-09,Delivered,1
SL00974,Kandy,Kalutara,140,Motorbike,Economy,Cloudy,4,4,WH003,Central,5000,Yes,Yes,Laptop,Electronics,2.5,10,20,Yes,Yes,Anti-static box with foam,600,Yes,No,3380.0,2024-10-18,Delivered,1
SL00975,Jaffna,Monaragala,445,Three Wheeler,Same-Day,Clear,2,3,WH005,Northern,3500,No,No,Cotton Clothing Bale,Clothing,8.0,73,10,Yes,No,Poly mailer bag,120,No,No,19280.0,2025-02-25,Delayed,0
SL00976,Batticaloa,Kilinochchi,305,Motorbike,Same-Day,Stormy,2,3,WH008,Eastern,2500,No,No,Laptop,Electronics,2.5,36,100,Yes,Yes,Anti-static box with foam,600,Yes,No,12970.0,2025-04-10,Delivered,0
SL00977,Anuradhapura,Jaffna,195,Lorry,Express,Stormy,1,2,WH007,North Central,3000,No,No,Furniture Set,Furniture,80.0,199,40,Yes,No,Corner guards and blankets,700,No,No,11380.0,2025-02-09,Delivered,0
SL00978,Kurunegala,Batticaloa,194,Lorry,Standard,Cloudy,2,2,WH006,North Western,4000,Yes,No,Refrigerator,Appliances,55.0,155,25,Yes,No,Wooden crate,1200,No,No,7960.0,2024-01-05,Delivered,1
SL00979,Colombo,Kandy,115,Three Wheeler,Same-Day,Rainy,1,1,WH001,Western,10000,Yes,Yes,Cotton Clothing Bale,Clothing,8.0,285,100,Yes,No,Poly mailer bag,120,No,No,5630.0,2024-06-23,Delivered,1
SL00980,Galle,Ampara,278,Three Wheeler,Economy,Rainy,4,4,WH004,Southern,4500,Yes,No,Cotton Clothing Bale,Clothing,8.0,221,10,Yes,No,Poly mailer bag,120,No,No,5480.0,2025-02-03,Delivered,1
SL00981,Anuradhapura,Badulla,212,Van,Express,Stormy,1,1,WH007,North Central,3000,No,No,Dining Table,Furniture,35.0,383,20,Yes,No,Corner guards and blankets,700,No,No,9560.0,2025-02-05,Delivered,1
SL00982,Matara,Anuradhapura,341,Three Wheeler,Standard,Rainy,3,3,WH009,Southern,3000,Yes,No,Fresh Vegetables Crate,Groceries,20.0,1,40,Yes,Yes,Insulated box,400,No,Yes,9150.0,2024-06-05,Delivered,1
SL00983,Negombo,Monaragala,222,Lorry,Same-Day,Foggy,1,2,WH010,Western,4000,Yes,Yes,Refrigerator,Appliances,55.0,400,100,Yes,No,Wooden crate,1200,No,No,14400.0,2025-01-01,Delivered,0
SL00984,Galle,Chilaw,232,Van,Express,Cloudy,1,3,WH004,Southern,4500,Yes,No,Dining Table,Furniture,35.0,14,20,Yes,Yes,Corner guards and blankets,700,No,No,10460.0,2024-02-22,Delayed,0
SL00985,Gampaha,Negombo,27,Three Wheeler,Same-Day,Foggy,1,1,WH002,Western,6000,Yes,No,Fresh Vegetables Crate,Groceries,20.0,76,40,Yes,No,Insulated box,400,No,Yes,3140.0,2024-09-25,Delivered,1
SL00986,Gampaha,Galle,156,Van,Economy,Cloudy,4,4,WH002,Western,6000,Yes,No,Dining Table,Furniture,35.0,126,40,Yes,No,Corner guards and blankets,700,No,No,4710.0,2024-01-23,Delivered,1
SL00987,Gampaha,Kalutara,73,Three Wheeler,Same-Day,Rainy,1,3,WH002,Western,6000,Yes,No,Cotton Clothing Bale,Clothing,8.0,212,25,Yes,No,Poly mailer bag,120,No,No,4270.0,2024-07-03,Delayed,0
SL00988,Colombo,Trincomalee,260,Three Wheeler,Same-Day,Clear,1,4,WH001,Western,10000,Yes,Yes,Books Bundle,Books,10.0,197,40,Yes,No,Corrugated box,200,No,No,11860.0,2024-06-11,Delayed,0
SL00989,Jaffna,Negombo,355,Motorbike,Express,Foggy,2,2,WH005,Northern,3500,No,No,Documents Package,Documents,0.5,0,10,No,Yes,Padded envelope,150,No,No,11080.0,2025-01-08,Delivered,1
SL00990,Galle,Colombo,120,Motorbike,Standard,Rainy,2,2,WH004,Southern,4500,Yes,No,Laptop,Electronics,2.5,392,100,Yes,No,Anti-static box with foam,600,Yes,No,3550.0,2025-05-08,Delivered,1
SL00991,Gampaha,Badulla,154,Three Wheeler,Standard,Stormy,2,3,WH002,Western,6000,Yes,No,Ceramic Dinnerware Set,Fragile Items,6.0,273,40,Yes,No,Bubble wrap and double box,850,Yes,No,5080.0,2024-09-13,Delivered,0
SL00992,Galle,Dambulla,271,Van,Standard,Stormy,2,2,WH004,Southern,4500,Yes,No,Dining Table,Furniture,35.0,13,50,Yes,Yes,Corner guards and blankets,700,No,No,7930.0,2025-05-14,Delivered,1
SL00993,Batticaloa,Hambantota,245,Three Wheeler,Standard,Cloudy,2,2,WH008,Eastern,2500,No,No,Cotton Clothing Bale,Clothing,8.0,330,40,Yes,No,Poly mailer bag,120,No,No,5890.0,2024-12-27,Delivered,1
SL00994,Gampaha,Hambantota,214,Van,Express,Clear,1,1,WH002,Western,6000,Yes,No,Air Conditioner,Appliances,45.0,149,50,Yes,No,Wooden crate,1200,No,No,10220.0,2025-06-27,Delivered,1
SL00995,Anuradhapura,Colombo,205,Van,Same-Day,Rainy,1,1,WH007,North Central,3000,No,No,Air Conditioner,Appliances,45.0,239,20,Yes,No,Wooden crate,1200,No,No,12370.0,2024-08-08,Delivered,1
SL00996,Kurunegala,Negombo,84,Van,Standard,Clear,2,2,WH006,North Western,4000,Yes,No,Air Conditioner,Appliances,45.0,0,100,No,Yes,Wooden crate,1200,No,No,5120.0,2024-08-06,Delivered,1
SL00997,Negombo,Badulla,177,Van,Express,Foggy,1,1,WH010,Western,4000,Yes,Yes,Auto Spare Parts,Auto Parts,25.0,5,50,Yes,Yes,Reinforced carton,450,No,No,7200.0,2024-10-11,Delivered,1
SL00998,Negombo,Chilaw,45,Van,Economy,Stormy,4,4,WH010,Western,4000,Yes,Yes,Washing Machine,Appliances,40.0,183,20,Yes,No,Wooden crate,1200,No,No,3380.0,2024-02-17,Delivered,1
SL00999,Anuradhapura,Jaffna,195,Three Wheeler,Same-Day,Stormy,1,1,WH007,North Central,3000,No,No,Fresh Vegetables Crate,Groceries,20.0,6,50,Yes,Yes,Insulated box,400,No,Yes,9360.0,2024-01-19,Delivered,1
SL01000,Batticaloa,Ratnapura,239,Lorry,Express,Stormy,1,1,WH008,Eastern,2500,No,No,Refrigerator,Appliances,55.0,0,50,No,Yes,Wooden crate,1200,No,No,12030.0,2024-03-12,Delivered,1
SL01001,Gampaha,Vavuniya,250,Three Wheeler,Standard,Cloudy,2,2,WH002,Western,6000,Yes,No,Frozen Food Pack,Groceries,15.0,197,40,Yes,No,Insulated box,400,No,Yes,6850.0,2024-11-16,Delivered,1
SL01002,Negombo,Kandy,113,Three Wheeler,Economy,Cloudy,4,5,WH010,Western,4000,Yes,Yes,Frozen Food Pack,Groceries,15.0,252,40,Yes,No,Insulated box,400,No,Yes,3230.0,2024-04-15,Delayed,0
SL01003,Galle,Kandy,225,Lorry,Same-Day,Rainy,1,3,WH004,Southern,4500,Yes,No,Refrigerator,Appliances,55.0,6,100,Yes,Yes,Wooden crate,1200,No,No,13720.0,2024-03-31,Delayed,0
SL01004,Kurunegala,Ampara,191,Three Wheeler,Same-Day,Clear,1,1,WH006,North Western,4000,Yes,No,Ceramic Dinnerware Set,Fragile Items,6.0,42,10,Yes,No,Bubble wrap and double box,850,Yes,No,10010.0,2024-03-17,Delivered,1
SL01005,Kurunegala,Monaragala,167,Three Wheeler,Economy,Cloudy,4,4,WH006,North Western,4000,Yes,No,Fresh Vegetables Crate,Groceries,20.0,90,50,Yes,No,Insulated box,400,No,Yes,3960.0,2024-11-22,Delivered,1
SL01006,Negombo,Hambantota,242,Three Wheeler,Economy,Clear,4,4,WH010,Western,4000,Yes,Yes,Office Chair,Furniture,12.0,143,50,Yes,No,Corner guards and blankets,700,No,No,5720.0,2024-10-14,Delivered,1
SL01007,Batticaloa,Matara,305,Motorbike,Same-Day,Cloudy,2,2,WH008,Eastern,2500,No,No,Mobile Phone,Electronics,0.3,384,10,Yes,No,Anti-static box with foam,600,Yes,No,13480.0,2024-09-05,Delivered,1
SL01008,Gampaha,Galle,156,Three Wheeler,Economy,Clear,4,4,WH002,Western,6000,Yes,No,Ceramic Dinnerware Set,Fragile Items,6.0,363,20,Yes,No,Bubble wrap and double box,850,Yes,No,4220.0,2024-07-11,Delivered,1
SL01009,Gampaha,Ratnapura,83,Three Wheeler,Express,Foggy,1,2,WH002,Western,6000,Yes,No,Frozen Food Pack,Groceries,15.0,283,25,Yes,No,Insulated box,400,No,Yes,4270.0,2024-06-06,Failed,0
SL01010,Gampaha,Negombo,27,Motorbike,Express,Cloudy,1,1,WH002,Western,6000,Yes,No,Documents Package,Documents,0.5,251,50,Yes,No,Padded envelope,150,No,No,1380.0,2025-02-13,Delivered,1
SL01011,Gampaha,Matara,182,Three Wheeler,Economy,Rainy,4,4,WH002,Western,6000,Yes,No,Ceramic Dinnerware Set,Fragile Items,6.0,315,100,Yes,No,Bubble wrap and double box,850,Yes,No,4290.0,2024-04-19,Delivered,1
SL01012,Galle,Colombo,120,Motorbike,Economy,Rainy,4,4,WH004,Southern,4500,Yes,No,Laptop,Electronics,2.5,263,100,Yes,No,Anti-static box with foam,600,Yes,No,3030.0,2024-09-28,Delivered,1
SL01013,Matara,Galle,45,Motorbike,Standard,Stormy,2,2,WH009,Southern,3000,Yes,No,Laptop,Electronics,2.5,223,50,Yes,No,Anti-static box with foam,600,Yes,No,1870.0,2024-10-06,Delivered,1
SL01014,Gampaha,Kandy,96,Van,Economy,Stormy,4,4,WH002,Western,6000,Yes,No,Air Conditioner,Appliances,45.0,4,40,Yes,Yes,Wooden crate,1200,No,No,4450.0,2025-05-20,Delivered,1
SL01015,Anuradhapura,Jaffna,195,Motorbike,Same-Day,Rainy,1,1,WH007,North Central,3000,No,No,Documents Package,Documents,0.5,132,10,Yes,No,Padded envelope,150,No,No,8990.0,2025-08-12,Delivered,1
SL01016,Galle,Jaffna,525,Three Wheeler,Same-Day,Cloudy,2,4,WH004,Southern,4500,Yes,No,Fresh Vegetables Crate,Groceries,20.0,337,100,Yes,No,Insulated box,400,No,Yes,22870.0,2024-04-13,Delayed,0
SL01017,Jaffna,Gampaha,371,Motorbike,Express,Rainy,2,2,WH005,Northern,3500,No,No,Medicine Pack,Pharmacy,0.5,197,100,Yes,No,Sealed insulated pack,500,No,Yes,12850.0,2024-10-21,Delivered,1
SL01018,Gampaha,Anuradhapura,185,Lorry,Economy,Cloudy,4,4,WH002,Western,6000,Yes,No,Refrigerator,Appliances,55.0,372,20,Yes,No,Wooden crate,1200,No,No,6140.0,2024-03-12,Delivered,1
SL01019,Kandy,Badulla,130,Van,Economy,Rainy,4,4,WH003,Central,5000,Yes,Yes,Dining Table,Furniture,35.0,361,40,Yes,No,Corner guards and blankets,700,No,No,4150.0,2024-06-30,Delivered,1
SL01020,Gampaha,Anuradhapura,185,Three Wheeler,Same-Day,Foggy,1,1,WH002,Western,6000,Yes,No,Fresh Vegetables Crate,Groceries,20.0,262,50,Yes,No,Insulated box,400,No,Yes,9280.0,2024-04-22,Delivered,1
SL01021,Colombo,Polonnaruwa,225,Three Wheeler,Standard,Rainy,2,2,WH001,Western,10000,Yes,Yes,LED Television,Electronics,15.0,105,20,Yes,No,Anti-static box with foam,600,Yes,No,6080.0,2024-11-07,Failed,0
SL01022,Batticaloa,Gampaha,261,Motorbike,Standard,Foggy,2,2,WH008,Eastern,2500,No,No,Mobile Phone,Electronics,0.3,269,25,Yes,No,Anti-static box with foam,600,Yes,No,7020.0,2024-11-04,Delivered,1
SL01023,Matara,Dambulla,276,Motorbike,Economy,Clear,4,5,WH009,Southern,3000,Yes,No,Mobile Phone,Electronics,0.3,285,100,Yes,No,Anti-static box with foam,600,Yes,No,5480.0,2025-02-24,Delayed,0
SL01024,Kandy,Nuwara Eliya,75,Motorbike,Economy,Clear,4,4,WH003,Central,5000,Yes,Yes,Medicine Pack,Pharmacy,0.5,399,100,Yes,No,Sealed insulated pack,500,No,Yes,2050.0,2024-04-01,Delivered,1
SL01025,Anuradhapura,Chilaw,136,Three Wheeler,Same-Day,Cloudy,1,1,WH007,North Central,3000,No,No,Ceramic Dinnerware Set,Fragile Items,6.0,367,50,Yes,No,Bubble wrap and double box,850,Yes,No,7710.0,2025-06-23,Delivered,1
SL01026,Jaffna,Dambulla,275,Van,Standard,Cloudy,2,2,WH005,Northern,3500,No,No,Dining Table,Furniture,35.0,233,25,Yes,No,Corner guards and blankets,700,No,No,8000.0,2025-08-16,Delivered,1
SL01027,Kurunegala,Kegalle,34,Motorbike,Same-Day,Stormy,1,1,WH006,North Western,4000,Yes,No,Documents Package,Documents,0.5,310,25,Yes,No,Padded envelope,150,No,No,1950.0,2024-05-30,Delivered,1
SL01028,Kandy,Puttalam,156,Van,Standard,Foggy,2,2,WH003,Central,5000,Yes,Yes,Auto Spare Parts,Auto Parts,25.0,103,25,Yes,No,Reinforced carton,450,No,No,5320.0,2024-01-16,Delivered,1
SL01029,Colombo,Batticaloa,310,Van,Standard,Foggy,3,3,WH001,Western,10000,Yes,Yes,Auto Spare Parts,Auto Parts,25.0,8,25,Yes,Yes,Reinforced carton,450,No,No,8720.0,2024-01-01,Delivered,1
SL01030,Jaffna,Anuradhapura,195,Three Wheeler,Standard,Cloudy,2,2,WH005,Northern,3500,No,No,LED Television,Electronics,15.0,277,100,Yes,No,Anti-static box with foam,600,Yes,No,5820.0,2024-03-29,Failed,0
SL01031,Kandy,Kilinochchi,306,Three Wheeler,Express,Stormy,2,2,WH003,Central,5000,Yes,Yes,Fresh Vegetables Crate,Groceries,20.0,61,25,Yes,No,Insulated box,400,No,Yes,12020.0,2024-09-11,Delivered,1
SL01032,Anuradhapura,Vavuniya,75,Motorbike,Same-Day,Cloudy,1,1,WH007,North Central,3000,No,No,Glass Vase Set,Fragile Items,4.0,325,25,Yes,No,Bubble wrap and double box,850,Yes,No,4700.0,2024-11-26,Delivered,1
SL01033,Galle,Kurunegala,212,Three Wheeler,Express,Stormy,1,1,WH004,Southern,4500,Yes,No,Office Chair,Furniture,12.0,174,25,Yes,No,Corner guards and blankets,700,No,No,8810.0,2025-04-17,Delivered,1
SL01034,Kandy,Vavuniya,211,Lorry,Economy,Clear,4,4,WH003,Central,5000,Yes,Yes,Furniture Set,Furniture,80.0,8,100,Yes,Yes,Corner guards and blankets,700,No,No,6970.0,2025-01-01,Delivered,1
SL01035,Kurunegala,Hambantota,226,Van,Economy,Stormy,4,4,WH006,North Western,4000,Yes,No,Auto Spare Parts,Auto Parts,25.0,256,10,Yes,No,Reinforced carton,450,No,No,5620.0,2024-03-31,Delivered,1
SL01036,Negombo,Ratnapura,111,Three Wheeler,Express,Foggy,1,2,WH010,Western,4000,Yes,Yes,Office Chair,Furniture,12.0,85,50,Yes,No,Corner guards and blankets,700,No,No,5450.0,2024-02-24,Delivered,0
SL01037,Kandy,Vavuniya,211,Motorbike,Same-Day,Stormy,1,1,WH003,Central,5000,Yes,Yes,Glass Vase Set,Fragile Items,4.0,285,40,Yes,No,Bubble wrap and double box,850,Yes,No,9780.0,2024-04-19,Delivered,1
SL01038,Negombo,Jaffna,355,Motorbike,Standard,Foggy,3,4,WH010,Western,4000,Yes,Yes,Mobile Phone,Electronics,0.3,189,10,Yes,No,Anti-static box with foam,600,Yes,No,9020.0,2024-02-24,Delivered,0
SL01039,Matara,Negombo,208,Three Wheeler,Economy,Rainy,4,4,WH009,Southern,3000,Yes,No,Ceramic Dinnerware Set,Fragile Items,6.0,365,100,Yes,No,Bubble wrap and double box,850,Yes,No,4830.0,2024-11-14,Delivered,1
SL01040,Batticaloa,Kegalle,205,Lorry,Express,Clear,1,1,WH008,Eastern,2500,No,No,Refrigerator,Appliances,55.0,3,50,Yes,Yes,Wooden crate,1200,No,No,10760.0,2024-09-10,Delivered,1
SL01041,Gampaha,Kalutara,73,Three Wheeler,Same-Day,Foggy,1,1,WH002,Western,6000,Yes,No,Ceramic Dinnerware Set,Fragile Items,6.0,48,10,Yes,No,Bubble wrap and double box,850,Yes,No,5020.0,2024-08-28,Delivered,1
SL01042,Jaffna,Kegalle,351,Lorry,Economy,Foggy,5,5,WH005,Northern,3500,No,No,Furniture Set,Furniture,80.0,3,100,Yes,Yes,Corner guards and blankets,700,No,No,9870.0,2024-09-03,Delivered,1
SL01043,Matara,Kilinochchi,499,Van,Express,Stormy,2,3,WH009,Southern,3000,Yes,No,Dining Table,Furniture,35.0,168,100,Yes,No,Corner guards and blankets,700,No,No,18370.0,2024-10-08,Delivered,0
SL01044,Anuradhapura,Monaragala,248,Motorbike,Same-Day,Stormy,1,1,WH007,North Central,3000,No,No,Glass Vase Set,Fragile Items,4.0,237,20,Yes,No,Bubble wrap and double box,850,Yes,No,10970.0,2025-02-02,Delivered,1
SL01045,Negombo,Ratnapura,111,Lorry,Same-Day,Foggy,1,2,WH010,Western,4000,Yes,Yes,Refrigerator,Appliances,55.0,201,20,Yes,No,Wooden crate,1200,No,No,9640.0,2024-01-10,Delivered,0
SL01046,Kurunegala,Puttalam,108,Van,Express,Cloudy,1,1,WH006,North Western,4000,Yes,No,Dining Table,Furniture,35.0,288,40,Yes,No,Corner guards and blankets,700,No,No,5850.0,2024-06-04,Delivered,1
SL01047,Negombo,Badulla,177,Van,Economy,Rainy,4,4,WH010,Western,4000,Yes,Yes,Air Conditioner,Appliances,45.0,357,25,Yes,No,Wooden crate,1200,No,No,5520.0,2025-05-10,Delivered,1
SL01048,Batticaloa,Kegalle,205,Motorbike,Express,Foggy,1,1,WH008,Eastern,2500,No,No,Glass Vase Set,Fragile Items,4.0,279,100,Yes,No,Bubble wrap and double box,850,Yes,No,8070.0,2025-08-17,Delivered,1
SL01049,Negombo,Kegalle,73,Van,Economy,Clear,4,4,WH010,Western,4000,Yes,Yes,Air Conditioner,Appliances,45.0,0,100,No,Yes,Wooden crate,1200,No,No,3870.0,2024-04-18,Delivered,1
SL01050,Batticaloa,Badulla,139,Three Wheeler,Express,Rainy,1,3,WH008,Eastern,2500,No,No,Frozen Food Pack,Groceries,15.0,15,20,Yes,Yes,Insulated box,400,No,Yes,6100.0,2025-03-06,Delayed,0
SL01051,Colombo,Kegalle,78,Van,Standard,Clear,2,2,WH001,Western,10000,Yes,Yes,Washing Machine,Appliances,40.0,0,100,No,Yes,Wooden crate,1200,No,No,4620.0,2025-01-18,Delivered,1
SL01052,Kandy,Badulla,130,Lorry,Same-Day,Stormy,1,1,WH003,Central,5000,Yes,Yes,Refrigerator,Appliances,55.0,346,50,Yes,No,Wooden crate,1200,No,No,10100.0,2025-03-24,Delivered,1
SL01053,Galle,Batticaloa,323,Three Wheeler,Express,Stormy,2,2,WH004,Southern,4500,Yes,No,Books Bundle,Books,10.0,118,10,Yes,No,Corrugated box,200,No,No,11880.0,2024-04-08,Delivered,1
SL01054,Colombo,Anuradhapura,205,Three Wheeler,Same-Day,Cloudy,1,1,WH001,Western,10000,Yes,Yes,Ceramic Dinnerware Set,Fragile Items,6.0,310,50,Yes,No,Bubble wrap and double box,850,Yes,No,9760.0,2025-06-24,Delivered,1
SL01055,Galle,Batticaloa,323,Three Wheeler,Economy,Foggy,5,6,WH004,Southern,4500,Yes,No,Frozen Food Pack,Groceries,15.0,336,50,Yes,No,Insulated box,400,No,Yes,6750.0,2025-01-20,Delivered,0
SL01056,Negombo,Galle,179,Van,Express,Foggy,1,1,WH010,Western,4000,Yes,Yes,Washing Machine,Appliances,40.0,80,40,Yes,No,Wooden crate,1200,No,No,9240.0,2024-01-24,Delivered,1
SL01057,Jaffna,Kurunegala,317,Motorbike,Economy,Cloudy,5,5,WH005,Northern,3500,No,No,Medicine Pack,Pharmacy,0.5,14,20,Yes,Yes,Sealed insulated pack,500,No,Yes,6020.0,2025-08-12,Delivered,1
SL01058,Matara,Kegalle,189,Motorbike,Standard,Stormy,2,2,WH009,Southern,3000,Yes,No,Medicine Pack,Pharmacy,0.5,299,100,Yes,No,Sealed insulated pack,500,No,Yes,5330.0,2024-09-26,Delivered,1
SL01059,Colombo,Badulla,230,Lorry,Economy,Cloudy,4,4,WH001,Western,10000,Yes,Yes,Refrigerator,Appliances,55.0,50,20,Yes,No,Wooden crate,1200,No,No,7140.0,2024-12-03,Delivered,1
SL01060,Galle,Gampaha,156,Three Wheeler,Same-Day,Foggy,1,2,WH004,Southern,4500,Yes,No,LED Television,Electronics,15.0,379,10,Yes,No,Anti-static box with foam,600,Yes,No,8870.0,2024-03-23,Delivered,0
SL01061,Batticaloa,Negombo,276,Lorry,Standard,Clear,2,2,WH008,Eastern,2500,No,No,Furniture Set,Furniture,80.0,8,50,Yes,Yes,Corner guards and blankets,700,No,No,10180.0,2025-03-17,Delivered,1
SL01062,Jaffna,Matara,541,Three Wheeler,Same-Day,Clear,2,2,WH005,Northern,3500,No,No,Frozen Food Pack,Groceries,15.0,0,20,No,Yes,Insulated box,400,No,Yes,23890.0,2025-01-23,Delivered,1
SL01063,Matara,Gampaha,182,Lorry,Same-Day,Stormy,1,2,WH009,Southern,3000,Yes,No,Refrigerator,Appliances,55.0,376,20,Yes,No,Wooden crate,1200,No,No,12620.0,2024-04-28,Delivered,0
SL01064,Gampaha,Kegalle,56,Van,Standard,Cloudy,2,2,WH002,Western,6000,Yes,No,Auto Spare Parts,Auto Parts,25.0,7,10,Yes,Yes,Reinforced carton,450,No,No,2780.0,2024-01-11,Delivered,1
SL01065,Anuradhapura,Kilinochchi,157,Motorbike,Same-Day,Clear,1,1,WH007,North Central,3000,No,No,Medicine Pack,Pharmacy,0.5,147,10,Yes,No,Sealed insulated pack,500,No,Yes,6910.0,2025-03-25,Delivered,1
SL01066,Jaffna,Kandy,335,Van,Standard,Cloudy,3,3,WH005,Northern,3500,No,No,Dining Table,Furniture,35.0,145,25,Yes,No,Corner guards and blankets,700,No,No,9830.0,2025-05-05,Delivered,1
SL01067,Gampaha,Galle,156,Motorbike,Standard,Foggy,2,3,WH002,Western,6000,Yes,No,Laptop,Electronics,2.5,381,100,Yes,No,Anti-static box with foam,600,Yes,No,4690.0,2025-03-30,Delivered,0
SL01068,Kurunegala,Ampara,191,Three Wheeler,Standard,Rainy,2,5,WH006,North Western,4000,Yes,No,Books Bundle,Books,10.0,156,25,Yes,No,Corrugated box,200,No,No,5100.0,2024-02-25,Delayed,0
SL01069,Anuradhapura,Monaragala,248,Van,Economy,Cloudy,4,4,WH007,North Central,3000,No,No,Air Conditioner,Appliances,45.0,15,20,Yes,Yes,Wooden crate,1200,No,No,6870.0,2025-07-20,Delivered,1
SL01070,Gampaha,Badulla,154,Three Wheeler,Express,Clear,1,3,WH002,Western,6000,Yes,No,Ceramic Dinnerware Set,Fragile Items,6.0,377,40,Yes,No,Bubble wrap and double box,850,Yes,No,6770.0,2024-01-22,Delayed,0
SL01071,Colombo,Kurunegala,95,Three Wheeler,Standard,Foggy,2,3,WH001,Western,10000,Yes,Yes,Frozen Food Pack,Groceries,15.0,63,10,Yes,No,Insulated box,400,No,Yes,3290.0,2024-01-20,Delivered,0
SL01072,Anuradhapura,Kalutara,257,Motorbike,Same-Day,Rainy,1,1,WH007,North Central,3000,No,No,Glass Vase Set,Fragile Items,4.0,114,100,Yes,No,Bubble wrap and double box,850,Yes,No,11990.0,2024-11-08,Delivered,1
SL01073,Matara,Nuwara Eliya,151,Three Wheeler,Same-Day,Foggy,1,1,WH009,Southern,3000,Yes,No,LED Television,Electronics,15.0,192,25,Yes,No,Anti-static box with foam,600,Yes,No,8440.0,2024-12-15,Failed,0
SL01074,Anuradhapura,Kilinochchi,157,Three Wheeler,Same-Day,Clear,1,1,WH007,North Central,3000,No,No,Cotton Clothing Bale,Clothing,8.0,389,100,Yes,No,Poly mailer bag,120,No,No,7830.0,2025-07-01,Delivered,1
SL01075,Anuradhapura,Polonnaruwa,100,Van,Standard,Rainy,2,2,WH007,North Central,3000,No,No,Auto Spare Parts,Auto Parts,25.0,259,100,Yes,No,Reinforced carton,450,No,No,3670.0,2024-01-16,Delivered,1
SL01076,Jaffna,Galle,525,Three Wheeler,Express,Foggy,2,3,WH005,Northern,3500,No,No,Fresh Vegetables Crate,Groceries,20.0,312,40,Yes,No,Insulated box,400,No,Yes,17800.0,2024-09-13,Delivered,0
SL01077,Gampaha,Kurunegala,78,Lorry,Standard,Cloudy,2,2,WH002,Western,6000,Yes,No,Refrigerator,Appliances,55.0,247,40,Yes,No,Wooden crate,1200,No,No,5150.0,2025-04-22,Delivered,1
SL01078,Kurunegala,Gampaha,78,Three Wheeler,Express,Stormy,1,2,WH006,North Western,4000,Yes,No,LED Television,Electronics,15.0,0,10,No,Yes,Anti-static box with foam,600,Yes,No,4230.0,2024-03-06,Delivered,0
SL01079,Kandy,Kurunegala,42,Van,Standard,Cloudy,2,3,WH003,Central,5000,Yes,Yes,Auto Spare Parts,Auto Parts,25.0,85,20,Yes,No,Reinforced carton,450,No,No,2450.0,2024-02-20,Delayed,0
SL01080,Gampaha,Chilaw,75,Motorbike,Same-Day,Rainy,1,1,WH002,Western,6000,Yes,No,Medicine Pack,Pharmacy,0.5,245,50,Yes,No,Sealed insulated pack,500,No,Yes,3820.0,2024-08-21,Delivered,1
SL01081,Jaffna,Kurunegala,317,Three Wheeler,Same-Day,Cloudy,2,2,WH005,Northern,3500,No,No,LED Television,Electronics,15.0,42,50,Yes,Yes,Anti-static box with foam,600,Yes,No,14480.0,2024-03-20,Delivered,1
SL01082,Batticaloa,Jaffna,369,Motorbike,Same-Day,Rainy,2,4,WH008,Eastern,2500,No,No,Documents Package,Documents,0.5,312,25,Yes,No,Padded envelope,150,No,No,14570.0,2025-03-12,Delayed,0
SL01083,Kandy,Colombo,115,Three Wheeler,Standard,Foggy,2,4,WH003,Central,5000,Yes,Yes,Books Bundle,Books,10.0,191,40,Yes,No,Corrugated box,200,No,No,3640.0,2024-02-01,Delayed,0
SL01084,Kurunegala,Kandy,42,Van,Standard,Rainy,2,2,WH006,North Western,4000,Yes,No,Dining Table,Furniture,35.0,33,10,Yes,No,Corner guards and blankets,700,No,No,3050.0,2024-11-16,Delivered,1
SL01085,Matara,Polonnaruwa,295,Motorbike,Standard,Rainy,2,5,WH009,Southern,3000,Yes,No,Documents Package,Documents,0.5,318,10,Yes,No,Padded envelope,150,No,No,6690.0,2024-03-21,Delayed,0
SL01086,Galle,Polonnaruwa,297,Van,Economy,Foggy,4,4,WH004,Southern,4500,Yes,No,Washing Machine,Appliances,40.0,290,10,Yes,No,Wooden crate,1200,No,No,7890.0,2025-03-27,Delivered,1
SL01087,Jaffna,Batticaloa,369,Motorbike,Standard,Rainy,3,3,WH005,Northern,3500,No,No,Mobile Phone,Electronics,0.3,205,20,Yes,No,Anti-static box with foam,600,Yes,No,8880.0,2024-04-28,Delivered,1
SL01088,Batticaloa,Kilinochchi,305,Motorbike,Economy,Cloudy,5,5,WH008,Eastern,2500,No,No,Medicine Pack,Pharmacy,0.5,9,50,Yes,Yes,Sealed insulated pack,500,No,Yes,6540.0,2025-05-10,Delivered,1
SL01089,Batticaloa,Hambantota,245,Motorbike,Express,Foggy,1,2,WH008,Eastern,2500,No,No,Medicine Pack,Pharmacy,0.5,84,50,Yes,No,Sealed insulated pack,500,No,Yes,8470.0,2025-08-21,Delivered,0
SL01090,Negombo,Kurunegala,84,Three Wheeler,Standard,Cloudy,2,2,WH010,Western,4000,Yes,Yes,Office Chair,Furniture,12.0,61,40,Yes,No,Corner guards and blankets,700,No,No,3300.0,2024-05-31,Delivered,1
SL01091,Galle,Trincomalee,394,Three Wheeler,Economy,Clear,5,5,WH004,Southern,4500,Yes,No,Frozen Food Pack,Groceries,15.0,7,25,Yes,Yes,Insulated box,400,No,Yes,8140.0,2025-04-26,Failed,0
SL01092,Kandy,Galle,225,Motorbike,Economy,Clear,4,4,WH003,Central,5000,Yes,Yes,Laptop,Electronics,2.5,57,20,Yes,No,Anti-static box with foam,600,Yes,No,5170.0,2025-02-01,Delivered,1
SL01093,Kurunegala,Negombo,84,Three Wheeler,Economy,Foggy,4,5,WH006,North Western,4000,Yes,No,Cotton Clothing Bale,Clothing,8.0,170,10,Yes,No,Poly mailer bag,120,No,No,2200.0,2024-04-20,Delivered,0
SL01094,Gampaha,Kilinochchi,339,Three Wheeler,Standard,Stormy,3,4,WH002,Western,6000,Yes,No,LED Television,Electronics,15.0,342,40,Yes,No,Anti-static box with foam,600,Yes,No,8710.0,2025-05-03,Failed,0
SL01095,Kandy,Kilinochchi,306,Three Wheeler,Same-Day,Rainy,2,2,WH003,Central,5000,Yes,Yes,Office Chair,Furniture,12.0,323,50,Yes,No,Corner guards and blankets,700,No,No,14600.0,2025-04-09,Delivered,1
SL01096,Kurunegala,Kalutara,143,Motorbike,Express,Foggy,1,1,WH006,North Western,4000,Yes,No,Glass Vase Set,Fragile Items,4.0,163,10,Yes,No,Bubble wrap and double box,850,Yes,No,5800.0,2025-07-31,Delivered,1
SL01097,Matara,Polonnaruwa,295,Motorbike,Economy,Cloudy,4,4,WH009,Southern,3000,Yes,No,Documents Package,Documents,0.5,183,20,Yes,No,Padded envelope,150,No,No,5290.0,2024-08-03,Delivered,1
SL01098,Matara,Kurunegala,224,Three Wheeler,Standard,Clear,2,2,WH009,Southern,3000,Yes,No,Cotton Clothing Bale,Clothing,8.0,104,10,Yes,No,Poly mailer bag,120,No,No,5510.0,2025-03-25,Delivered,1
SL01099,Kandy,Ratnapura,94,Motorbike,Standard,Foggy,2,2,WH003,Central,5000,Yes,Yes,Medicine Pack,Pharmacy,0.5,138,100,Yes,No,Sealed insulated pack,500,No,Yes,2800.0,2025-06-04,Delivered,1
SL01100,Colombo,Kegalle,78,Van,Same-Day,Foggy,1,2,WH001,Western,10000,Yes,Yes,Dining Table,Furniture,35.0,119,10,Yes,No,Corner guards and blankets,700,No,No,6170.0,2024-07-27,Delivered,0
SL01101,Negombo,Hambantota,242,Three Wheeler,Economy,Foggy,4,5,WH010,Western,4000,Yes,Yes,Books Bundle,Books,10.0,8,25,Yes,Yes,Corrugated box,200,No,No,5320.0,2024-05-02,Delivered,0
SL01102,Anuradhapura,Gampaha,185,Van,Standard,Clear,2,3,WH007,North Central,3000,No,No,Auto Spare Parts,Auto Parts,25.0,162,100,Yes,No,Reinforced carton,450,No,No,6130.0,2024-03-21,Delayed,0
SL01103,Gampaha,Ratnapura,83,Motorbike,Express,Foggy,1,1,WH002,Western,6000,Yes,No,Medicine Pack,Pharmacy,0.5,252,100,Yes,No,Sealed insulated pack,500,No,Yes,3670.0,2024-11-18,Failed,0
SL01104,Anuradhapura,Jaffna,195,Three Wheeler,Standard,Rainy,2,2,WH007,North Central,3000,No,No,LED Television,Electronics,15.0,358,100,Yes,No,Anti-static box with foam,600,Yes,No,6130.0,2024-01-09,Delivered,1
SL01105,Kandy,Polonnaruwa,107,Motorbike,Economy,Rainy,4,4,WH003,Central,5000,Yes,Yes,Medicine Pack,Pharmacy,0.5,155,40,Yes,No,Sealed insulated pack,500,No,Yes,2660.0,2024-07-10,Delivered,1
SL01106,Jaffna,Anuradhapura,195,Three Wheeler,Express,Clear,1,1,WH005,Northern,3500,No,No,Frozen Food Pack,Groceries,15.0,390,100,Yes,No,Insulated box,400,No,Yes,7110.0,2024-03-09,Delivered,1
SL01107,Matara,Kegalle,189,Three Wheeler,Express,Rainy,1,1,WH009,Southern,3000,Yes,No,Frozen Food Pack,Groceries,15.0,0,100,No,Yes,Insulated box,400,No,Yes,7570.0,2025-08-20,Delivered,1
SL01108,Kurunegala,Gampaha,78,Motorbike,Express,Cloudy,1,1,WH006,North Western,4000,Yes,No,Medicine Pack,Pharmacy,0.5,169,100,Yes,No,Sealed insulated pack,500,No,Yes,3380.0,2025-02-05,Delivered,1
SL01109,Matara,Gampaha,182,Van,Standard,Clear,2,2,WH009,Southern,3000,Yes,No,Air Conditioner,Appliances,45.0,167,40,Yes,No,Wooden crate,1200,No,No,6980.0,2025-03-11,Delivered,1
SL01110,Kandy,Kalutara,140,Motorbike,Standard,Clear,2,2,WH003,Central,5000,Yes,Yes,Laptop,Electronics,2.5,223,100,Yes,No,Anti-static box with foam,600,Yes,No,4260.0,2025-05-10,Delivered,1
SL01111,Negombo,Hambantota,242,Three Wheeler,Express,Clear,1,1,WH010,Western,4000,Yes,Yes,Frozen Food Pack,Groceries,15.0,279,20,Yes,No,Insulated box,400,No,Yes,8540.0,2024-11-26,Delivered,1
SL01112,Kurunegala,Hambantota,226,Three Wheeler,Economy,Stormy,4,4,WH006,North Western,4000,Yes,No,Fresh Vegetables Crate,Groceries,20.0,153,10,Yes,No,Insulated box,400,No,Yes,5030.0,2024-02-16,Delivered,1
SL01113,Batticaloa,Hambantota,245,Three Wheeler,Express,Foggy,1,2,WH008,Eastern,2500,No,No,Books Bundle,Books,10.0,294,20,Yes,No,Corrugated box,200,No,No,9290.0,2024-12-03,Failed,0
SL01114,Negombo,Ampara,264,Three Wheeler,Same-Day,Clear,1,1,WH010,Western,4000,Yes,Yes,Office Chair,Furniture,12.0,66,100,Yes,Yes,Corner guards and blankets,700,No,No,13290.0,2025-07-20,Delivered,1
SL01115,Colombo,Puttalam,130,Van,Express,Cloudy,1,1,WH001,Western,10000,Yes,Yes,Washing Machine,Appliances,40.0,100,50,Yes,No,Wooden crate,1200,No,No,8040.0,2024-08-22,Delivered,1
SL01116,Kandy,Nuwara Eliya,75,Three Wheeler,Standard,Stormy,2,2,WH003,Central,5000,Yes,Yes,Books Bundle,Books,10.0,395,20,Yes,No,Corrugated box,200,No,No,2360.0,2025-06-23,Delivered,1
SL01117,Matara,Vavuniya,404,Motorbike,Economy,Clear,5,5,WH009,Southern,3000,Yes,No,Laptop,Electronics,2.5,5,10,Yes,Yes,Anti-static box with foam,600,Yes,No,8250.0,2024-09-10,Delivered,1
SL01118,Jaffna,Kilinochchi,70,Three Wheeler,Same-Day,Stormy,1,2,WH005,Northern,3500,No,No,LED Television,Electronics,15.0,87,100,Yes,Yes,Anti-static box with foam,600,Yes,No,4620.0,2025-05-31,Delivered,0
SL01119,Colombo,Kandy,115,Three Wheeler,Express,Clear,1,1,WH001,Western,10000,Yes,Yes,Cotton Clothing Bale,Clothing,8.0,220,20,Yes,No,Poly mailer bag,120,No,No,4740.0,2024-11-27,Delivered,1
SL01120,Matara,Kilinochchi,499,Three Wheeler,Same-Day,Cloudy,2,2,WH009,Southern,3000,Yes,No,Cotton Clothing Bale,Clothing,8.0,123,10,Yes,No,Poly mailer bag,120,No,No,22510.0,2025-08-13,Delivered,1
SL01121,Anuradhapura,Ratnapura,235,Three Wheeler,Economy,Clear,4,4,WH007,North Central,3000,No,No,Frozen Food Pack,Groceries,15.0,228,50,Yes,No,Insulated box,400,No,Yes,5240.0,2025-06-30,Delivered,1
SL01122,Galle,Vavuniya,395,Motorbike,Same-Day,Stormy,2,3,WH004,Southern,4500,Yes,No,Documents Package,Documents,0.5,210,50,Yes,No,Padded envelope,150,No,No,16710.0,2024-01-26,Delayed,0
SL01123,Galle,Kalutara,78,Motorbike,Standard,Stormy,2,2,WH004,Southern,4500,Yes,No,Glass Vase Set,Fragile Items,4.0,349,25,Yes,No,Bubble wrap and double box,850,Yes,No,3090.0,2024-03-26,Delivered,1
SL01124,Matara,Anuradhapura,341,Motorbike,Express,Stormy,2,3,WH009,Southern,3000,Yes,No,Laptop,Electronics,2.5,62,20,Yes,No,Anti-static box with foam,600,Yes,No,11720.0,2025-08-03,Delivered,0
SL01125,Colombo,Gampaha,33,Motorbike,Standard,Stormy,2,2,WH001,Western,10000,Yes,Yes,Medicine Pack,Pharmacy,0.5,192,20,Yes,No,Sealed insulated pack,500,No,Yes,1570.0,2025-02-20,Delivered,1
SL01126,Jaffna,Monaragala,445,Lorry,Express,Foggy,2,3,WH005,Northern,3500,No,No,Refrigerator,Appliances,55.0,299,40,Yes,No,Wooden crate,1200,No,No,17530.0,2025-04-17,Delivered,0
SL01127,Matara,Ampara,254,Three Wheeler,Same-Day,Clear,1,1,WH009,Southern,3000,Yes,No,Frozen Food Pack,Groceries,15.0,59,40,Yes,No,Insulated box,400,No,Yes,12490.0,2024-06-14,Delivered,1
SL01128,Gampaha,Anuradhapura,185,Motorbike,Express,Stormy,1,1,WH002,Western,6000,Yes,No,Documents Package,Documents,0.5,78,10,Yes,No,Padded envelope,150,No,No,6470.0,2025-06-21,Delivered,1
SL01129,Kandy,Kilinochchi,306,Three Wheeler,Economy,Stormy,5,6,WH003,Central,5000,Yes,Yes,Frozen Food Pack,Groceries,15.0,0,10,No,Yes,Insulated box,400,No,Yes,6710.0,2024-10-04,Delivered,0
SL01130,Kurunegala,Kegalle,34,Motorbike,Standard,Foggy,2,3,WH006,North Western,4000,Yes,No,Documents Package,Documents,0.5,92,25,Yes,No,Padded envelope,150,No,No,1280.0,2025-01-15,Delivered,0
SL01131,Negombo,Kurunegala,84,Motorbike,Economy,Stormy,4,5,WH010,Western,4000,Yes,Yes,Documents Package,Documents,0.5,189,100,Yes,No,Padded envelope,150,No,No,1960.0,2025-04-30,Delayed,0
SL01132,Kurunegala,Hambantota,226,Lorry,Express,Rainy,1,2,WH006,North Western,4000,Yes,No,Refrigerator,Appliances,55.0,22,25,Yes,Yes,Wooden crate,1200,No,No,10910.0,2024-04-06,Delayed,0
SL01133,Batticaloa,Badulla,139,Lorry,Same-Day,Clear,1,1,WH008,Eastern,2500,No,No,Furniture Set,Furniture,80.0,324,20,Yes,No,Corner guards and blankets,700,No,No,11660.0,2025-07-26,Delivered,1
SL01134,Kurunegala,Chilaw,81,Motorbike,Same-Day,Rainy,1,3,WH006,North Western,4000,Yes,No,Medicine Pack,Pharmacy,0.5,238,50,Yes,No,Sealed insulated pack,500,No,Yes,4240.0,2025-02-16,Delayed,0
SL01135,Matara,Ampara,254,Three Wheeler,Express,Clear,1,1,WH009,Southern,3000,Yes,No,Fresh Vegetables Crate,Groceries,20.0,72,100,Yes,Yes,Insulated box,400,No,Yes,9420.0,2024-09-26,Delivered,1
SL01136,Kandy,Puttalam,156,Motorbike,Economy,Cloudy,4,4,WH003,Central,5000,Yes,Yes,Laptop,Electronics,2.5,323,50,Yes,No,Anti-static box with foam,600,Yes,No,3930.0,2025-04-29,Delivered,1
SL01137,Kandy,Colombo,115,Three Wheeler,Express,Rainy,1,1,WH003,Central,5000,Yes,Yes,Ceramic Dinnerware Set,Fragile Items,6.0,13,50,Yes,Yes,Bubble wrap and double box,850,Yes,No,4900.0,2025-05-01,Delivered,1
SL01138,Kurunegala,Galle,212,Lorry,Same-Day,Rainy,1,3,WH006,North Western,4000,Yes,No,Refrigerator,Appliances,55.0,245,40,Yes,No,Wooden crate,1200,No,No,13410.0,2025-05-27,Delayed,0
SL01139,Galle,Ampara,278,Motorbike,Economy,Stormy,4,4,WH004,Southern,4500,Yes,No,Laptop,Electronics,2.5,381,40,Yes,No,Anti-static box with foam,600,Yes,No,5880.0,2025-06-27,Delivered,1
SL01140,Negombo,Batticaloa,276,Van,Express,Cloudy,1,1,WH010,Western,4000,Yes,Yes,Washing Machine,Appliances,40.0,243,50,Yes,No,Wooden crate,1200,No,No,12180.0,2024-09-13,Delivered,1
SL01141,Matara,Hambantota,75,Motorbike,Standard,Rainy,2,2,WH009,Southern,3000,Yes,No,Laptop,Electronics,2.5,0,25,No,Yes,Anti-static box with foam,600,Yes,No,2760.0,2024-12-20,Delivered,1
SL01142,Galle,Kegalle,177,Three Wheeler,Express,Stormy,1,1,WH004,Southern,4500,Yes,No,Cotton Clothing Bale,Clothing,8.0,25,20,Yes,No,Poly mailer bag,120,No,No,6170.0,2025-08-23,Delivered,1
SL01143,Kurunegala,Jaffna,317,Three Wheeler,Standard,Cloudy,3,3,WH006,North Western,4000,Yes,No,Books Bundle,Books,10.0,26,50,Yes,Yes,Corrugated box,200,No,No,7390.0,2024-10-08,Delivered,1
SL01144,Anuradhapura,Kandy,140,Three Wheeler,Standard,Cloudy,2,4,WH007,North Central,3000,No,No,Frozen Food Pack,Groceries,15.0,312,10,Yes,No,Insulated box,400,No,Yes,4650.0,2025-04-10,Delayed,0
SL01145,Kandy,Gampaha,96,Three Wheeler,Same-Day,Clear,1,1,WH003,Central,5000,Yes,Yes,Frozen Food Pack,Groceries,15.0,333,100,Yes,No,Insulated box,400,No,Yes,5910.0,2024-06-30,Delivered,1
SL01146,Gampaha,Vavuniya,250,Three Wheeler,Same-Day,Clear,1,1,WH002,Western,6000,Yes,No,Office Chair,Furniture,12.0,383,10,Yes,No,Corner guards and blankets,700,No,No,11340.0,2025-07-11,Delivered,1
SL01147,Galle,Chilaw,232,Three Wheeler,Same-Day,Cloudy,1,1,WH004,Southern,4500,Yes,No,Fresh Vegetables Crate,Groceries,20.0,182,100,Yes,No,Insulated box,400,No,Yes,12150.0,2025-08-23,Delivered,1
SL01148,Matara,Colombo,160,Van,Economy,Stormy,4,4,WH009,Southern,3000,Yes,No,Air Conditioner,Appliances,45.0,362,10,Yes,No,Wooden crate,1200,No,No,5770.0,2024-05-31,Delivered,1
SL01149,Gampaha,Anuradhapura,185,Three Wheeler,Economy,Clear,4,4,WH002,Western,6000,Yes,No,Fresh Vegetables Crate,Groceries,20.0,121,100,Yes,No,Insulated box,400,No,Yes,4440.0,2024-01-04,Delivered,1
SL01150,Jaffna,Ampara,415,Three Wheeler,Standard,Clear,3,3,WH005,Northern,3500,No,No,Books Bundle,Books,10.0,310,100,Yes,No,Corrugated box,200,No,No,10170.0,2025-04-19,Delivered,1
SL01151,Gampaha,Galle,156,Van,Express,Clear,1,1,WH002,Western,6000,Yes,No,Washing Machine,Appliances,40.0,10,100,Yes,Yes,Wooden crate,1200,No,No,8780.0,2024-01-11,Delivered,1
SL01152,Kurunegala,Kalutara,143,Three Wheeler,Same-Day,Rainy,1,1,WH006,North Western,4000,Yes,No,Ceramic Dinnerware Set,Fragile Items,6.0,368,100,Yes,No,Bubble wrap and double box,850,Yes,No,7760.0,2024-05-15,Delivered,1
SL01153,Colombo,Vavuniya,255,Three Wheeler,Standard,Rainy,2,2,WH001,Western,10000,Yes,Yes,Books Bundle,Books,10.0,309,25,Yes,No,Corrugated box,200,No,No,6280.0,2024-07-11,Delivered,1
SL01154,Galle,Trincomalee,394,Three Wheeler,Standard,Cloudy,3,3,WH004,Southern,4500,Yes,No,Fresh Vegetables Crate,Groceries,20.0,155,10,Yes,No,Insulated box,400,No,Yes,9960.0,2025-01-07,Delivered,1
SL01155,Matara,Kalutara,123,Van,Express,Clear,1,1,WH009,Southern,3000,Yes,No,Air Conditioner,Appliances,45.0,319,40,Yes,No,Wooden crate,1200,No,No,7730.0,2024-08-03,Delivered,1
SL01156,Kurunegala,Chilaw,81,Three Wheeler,Standard,Rainy,2,2,WH006,North Western,4000,Yes,No,Cotton Clothing Bale,Clothing,8.0,277,50,Yes,No,Poly mailer bag,120,No,No,2610.0,2024-04-02,Failed,0
SL01157,Galle,Kurunegala,212,Motorbike,Express,Stormy,1,4,WH004,Southern,4500,Yes,No,Documents Package,Documents,0.5,79,50,Yes,No,Padded envelope,150,No,No,6840.0,2025-08-23,Delayed,0
SL01158,Kurunegala,Polonnaruwa,112,Motorbike,Economy,Foggy,4,5,WH006,North Western,4000,Yes,No,Mobile Phone,Electronics,0.3,185,100,Yes,No,Anti-static box with foam,600,Yes,No,2990.0,2024-01-09,Delivered,0
SL01159,Anuradhapura,Gampaha,185,Van,Standard,Cloudy,2,2,WH007,North Central,3000,No,No,Dining Table,Furniture,35.0,71,20,Yes,No,Corner guards and blankets,700,No,No,6190.0,2025-04-23,Delivered,1
SL01160,Kandy,Colombo,115,Lorry,Economy,Foggy,4,5,WH003,Central,5000,Yes,Yes,Furniture Set,Furniture,80.0,314,100,Yes,No,Corner guards and blankets,700,No,No,5240.0,2024-09-06,Delivered,0
SL01161,Kurunegala,Kegalle,34,Three Wheeler,Standard,Stormy,2,3,WH006,North Western,4000,Yes,No,Fresh Vegetables Crate,Groceries,20.0,173,10,Yes,No,Insulated box,400,No,Yes,2290.0,2025-06-03,Delivered,0
SL01162,Anuradhapura,Hambantota,332,Motorbike,Standard,Foggy,3,3,WH007,North Central,3000,No,No,Laptop,Electronics,2.5,34,20,Yes,No,Anti-static box with foam,600,Yes,No,8140.0,2025-06-20,Delivered,1
SL01163,Negombo,Anuradhapura,178,Three Wheeler,Express,Cloudy,1,1,WH010,Western,4000,Yes,Yes,Ceramic Dinnerware Set,Fragile Items,6.0,47,10,Yes,No,Bubble wrap and double box,850,Yes,No,7410.0,2024-05-24,Delivered,1
SL01164,Batticaloa,Vavuniya,227,Van,Express,Stormy,1,2,WH008,Eastern,2500,No,No,Air Conditioner,Appliances,45.0,0,20,No,Yes,Wooden crate,1200,No,No,10620.0,2024-03-23,Delivered,0
SL01165,Galle,Batticaloa,323,Van,Economy,Clear,5,5,WH004,Southern,4500,Yes,No,Dining Table,Furniture,35.0,98,100,Yes,Yes,Corner guards and blankets,700,No,No,8050.0,2025-01-18,Delivered,1
SL01166,Batticaloa,Anuradhapura,204,Lorry,Standard,Clear,2,3,WH008,Eastern,2500,No,No,Refrigerator,Appliances,55.0,371,40,Yes,No,Wooden crate,1200,No,No,8450.0,2025-01-20,Delayed,0
SL01167,Galle,Negombo,179,Van,Economy,Rainy,4,4,WH004,Southern,4500,Yes,No,Auto Spare Parts,Auto Parts,25.0,88,40,Yes,No,Reinforced carton,450,No,No,4480.0,2024-10-16,Failed,0
SL01168,Negombo,Vavuniya,241,Three Wheeler,Same-Day,Cloudy,1,1,WH010,Western,4000,Yes,Yes,Cotton Clothing Bale,Clothing,8.0,399,50,Yes,No,Poly mailer bag,120,No,No,10400.0,2024-07-01,Delivered,1
SL01169,Kurunegala,Nuwara Eliya,95,Motorbike,Standard,Foggy,2,2,WH006,North Western,4000,Yes,No,Medicine Pack,Pharmacy,0.5,332,50,Yes,No,Sealed insulated pack,500,No,Yes,2760.0,2024-08-23,Failed,0
SL01170,Batticaloa,Trincomalee,135,Three Wheeler,Same-Day,Rainy,1,1,WH008,Eastern,2500,No,No,Office Chair,Furniture,12.0,67,25,Yes,No,Corner guards and blankets,700,No,No,7570.0,2025-03-11,Delivered,1
SL01171,Jaffna,Ratnapura,434,Three Wheeler,Economy,Stormy,5,5,WH005,Northern,3500,No,No,Office Chair,Furniture,12.0,0,40,No,Yes,Corner guards and blankets,700,No,No,9230.0,2024-04-18,Delivered,1
SL01172,Gampaha,Badulla,154,Van,Same-Day,Stormy,1,1,WH002,Western,6000,Yes,No,Auto Spare Parts,Auto Parts,25.0,26,20,Yes,No,Reinforced carton,450,No,No,8760.0,2025-04-10,Delivered,1
SL01173,Batticaloa,Chilaw,272,Lorry,Economy,Stormy,4,5,WH008,Eastern,2500,No,No,Refrigerator,Appliances,55.0,175,40,Yes,No,Wooden crate,1200,No,No,7430.0,2025-04-06,Delivered,0
SL01174,Kurunegala,Gampaha,78,Motorbike,Standard,Foggy,2,2,WH006,North Western,4000,Yes,No,Documents Package,Documents,0.5,77,20,Yes,No,Padded envelope,150,No,No,2170.0,2024-03-22,Delivered,1
SL01175,Colombo,Badulla,230,Three Wheeler,Standard,Rainy,2,2,WH001,Western,10000,Yes,Yes,Office Chair,Furniture,12.0,334,100,Yes,No,Corner guards and blankets,700,No,No,6490.0,2025-04-20,Delivered,1
SL01176,Colombo,Negombo,38,Three Wheeler,Economy,Stormy,4,4,WH001,Western,10000,Yes,Yes,Books Bundle,Books,10.0,326,100,Yes,No,Corrugated box,200,No,No,1370.0,2024-10-30,Delivered,1
SL01177,Matara,Kurunegala,224,Lorry,Express,Cloudy,1,1,WH009,Southern,3000,Yes,No,Refrigerator,Appliances,55.0,28,40,Yes,Yes,Wooden crate,1200,No,No,11010.0,2024-02-06,Delivered,1
SL01178,Kurunegala,Kilinochchi,276,Motorbike,Same-Day,Foggy,1,1,WH006,North Western,4000,Yes,No,Laptop,Electronics,2.5,147,20,Yes,No,Anti-static box with foam,600,Yes,No,11710.0,2024-05-28,Delivered,1
SL01179,Anuradhapura,Kurunegala,110,Three Wheeler,Standard,Stormy,2,2,WH007,North Central,3000,No,No,Frozen Food Pack,Groceries,15.0,144,100,Yes,No,Insulated box,400,No,Yes,3450.0,2024-11-30,Delivered,1
SL01180,Colombo,Anuradhapura,205,Van,Same-Day,Stormy,1,2,WH001,Western,10000,Yes,Yes,Air Conditioner,Appliances,45.0,391,10,Yes,No,Wooden crate,1200,No,No,13260.0,2025-03-08,Delivered,0
SL01181,Colombo,Trincomalee,260,Motorbike,Standard,Clear,2,2,WH001,Western,10000,Yes,Yes,Glass Vase Set,Fragile Items,4.0,241,10,Yes,No,Bubble wrap and double box,850,Yes,No,7150.0,2024-11-06,Delivered,1
SL01182,Matara,Batticaloa,305,Motorbike,Same-Day,Cloudy,2,2,WH009,Southern,3000,Yes,No,Documents Package,Documents,0.5,130,40,Yes,No,Padded envelope,150,No,No,13370.0,2024-07-09,Delivered,1
SL01183,Matara,Dambulla,276,Three Wheeler,Same-Day,Foggy,1,1,WH009,Southern,3000,Yes,No,Fresh Vegetables Crate,Groceries,20.0,112,100,Yes,No,Insulated box,400,No,Yes,13090.0,2024-01-20,Delivered,1
SL01184,Kandy,Kurunegala,42,Three Wheeler,Standard,Stormy,2,2,WH003,Central,5000,Yes,Yes,Cotton Clothing Bale,Clothing,8.0,345,25,Yes,No,Poly mailer bag,120,No,No,1530.0,2024-11-28,Delivered,1
SL01185,Gampaha,Kegalle,56,Motorbike,Standard,Foggy,2,5,WH002,Western,6000,Yes,No,Medicine Pack,Pharmacy,0.5,321,40,Yes,No,Sealed insulated pack,500,No,Yes,2040.0,2025-07-25,Delayed,0
SL01186,Kurunegala,Badulla,123,Lorry,Standard,Cloudy,2,2,WH006,North Western,4000,Yes,No,Refrigerator,Appliances,55.0,97,40,Yes,No,Wooden crate,1200,No,No,6190.0,2025-06-29,Failed,0
SL01187,Anuradhapura,Kurunegala,110,Van,Economy,Clear,4,6,WH007,North Central,3000,No,No,Dining Table,Furniture,35.0,312,10,Yes,No,Corner guards and blankets,700,No,No,3930.0,2024-12-19,Delayed,0
SL01188,Galle,Kilinochchi,487,Van,Standard,Cloudy,3,5,WH004,Southern,4500,Yes,No,Washing Machine,Appliances,40.0,181,40,Yes,No,Wooden crate,1200,No,No,12850.0,2025-08-21,Delayed,0
SL01189,Negombo,Nuwara Eliya,137,Van,Economy,Stormy,4,5,WH010,Western,4000,Yes,Yes,Dining Table,Furniture,35.0,31,25,Yes,No,Corner guards and blankets,700,No,No,4670.0,2025-01-19,Delivered,0
SL01190,Kandy,Vavuniya,211,Lorry,Same-Day,Clear,1,1,WH003,Central,5000,Yes,Yes,Furniture Set,Furniture,80.0,128,10,Yes,No,Corner guards and blankets,700,No,No,14350.0,2024-06-11,Delivered,1
SL01191,Matara,Hambantota,75,Motorbike,Standard,Rainy,2,2,WH009,Southern,3000,Yes,No,Glass Vase Set,Fragile Items,4.0,326,25,Yes,No,Bubble wrap and double box,850,Yes,No,3080.0,2024-04-18,Delivered,1
SL01192,Matara,Ampara,254,Motorbike,Economy,Rainy,4,4,WH009,Southern,3000,Yes,No,Mobile Phone,Electronics,0.3,273,40,Yes,No,Anti-static box with foam,600,Yes,No,5610.0,2025-04-05,Delivered,1
SL01193,Kandy,Vavuniya,211,Van,Standard,Clear,2,3,WH003,Central,5000,Yes,Yes,Dining Table,Furniture,35.0,191,40,Yes,No,Corner guards and blankets,700,No,No,7110.0,2024-04-10,Delayed,0
SL01194,Negombo,Chilaw,45,Motorbike,Economy,Stormy,4,5,WH010,Western,4000,Yes,Yes,Glass Vase Set,Fragile Items,4.0,345,10,Yes,No,Bubble wrap and double box,850,Yes,No,2050.0,2024-03-23,Delayed,0
SL01195,Colombo,Badulla,230,Three Wheeler,Express,Rainy,1,1,WH001,Western,10000,Yes,Yes,Cotton Clothing Bale,Clothing,8.0,261,100,Yes,No,Poly mailer bag,120,No,No,8600.0,2024-01-24,Delivered,1
SL01196,Matara,Puttalam,317,Motorbike,Express,Rainy,2,2,WH009,Southern,3000,Yes,No,Glass Vase Set,Fragile Items,4.0,390,20,Yes,No,Bubble wrap and double box,850,Yes,No,11300.0,2024-07-23,Delivered,1
SL01197,Kandy,Ratnapura,94,Motorbike,Same-Day,Clear,1,1,WH003,Central,5000,Yes,Yes,Mobile Phone,Electronics,0.3,256,40,Yes,No,Anti-static box with foam,600,Yes,No,5060.0,2025-03-30,Delivered,1
SL01198,Kandy,Kalutara,140,Motorbike,Same-Day,Foggy,1,2,WH003,Central,5000,Yes,Yes,Medicine Pack,Pharmacy,0.5,101,20,Yes,No,Sealed insulated pack,500,No,Yes,6280.0,2024-02-03,Delivered,0
SL01199,Matara,Gampaha,182,Three Wheeler,Economy,Clear,4,4,WH009,Southern,3000,Yes,No,Cotton Clothing Bale,Clothing,8.0,153,100,Yes,No,Poly mailer bag,120,No,No,3620.0,2025-06-30,Delivered,1
SL01200,Batticaloa,Gampaha,261,Lorry,Same-Day,Cloudy,1,1,WH008,Eastern,2500,No,No,Refrigerator,Appliances,55.0,391,10,Yes,No,Wooden crate,1200,No,No,15480.0,2025-06-07,Delivered,1
